t,x,y,psi,v,a,w
0.02,100.00,100.00,0.0000,0.00,0.00,0.0000
0.04,100.00,100.00,0.0000,0.00,0.00,0.0000
0.06,100.00,100.00,0.0000,0.00,0.00,0.0000
0.08,100.00,100.00,0.0000,0.00,0.00,0.0000
0.10,100.00,100.00,0.0000,0.00,0.00,0.0000
0.12,100.00,100.00,0.0000,0.00,0.00,0.0000
0.14,100.00,100.00,0.0000,0.00,0.00,0.0000
0.16,100.00,100.00,0.0000,0.00,0.00,0.0000
0.18,100.00,100.00,0.0000,0.00,0.00,0.0000
0.20,100.00,100.00,0.0000,0.00,0.00,0.0000
0.22,100.00,100.00,0.0000,0.00,0.00,0.0000
0.24,100.00,100.00,0.0000,0.00,0.00,0.0000
0.26,100.00,100.00,0.0000,0.00,0.00,0.0000
0.28,100.00,100.00,0.0000,0.00,0.00,0.0000
0.30,100.00,100.00,0.0000,0.00,0.00,0.0000
0.32,100.00,100.00,0.0000,0.00,0.00,0.0000
0.34,100.00,100.00,0.0000,0.00,0.00,0.0000
0.36,100.00,100.00,0.0000,0.00,0.00,0.0000
0.38,100.00,100.00,0.0000,0.00,0.00,0.0000
0.40,100.00,100.00,0.0000,0.00,0.00,0.0000
0.42,100.00,100.00,0.0000,0.00,0.00,0.0000
0.44,100.00,100.00,0.0000,0.00,0.00,0.0000
0.46,100.00,100.00,0.0000,0.00,0.00,0.0000
0.48,100.00,100.00,0.0000,0.00,0.00,0.0000
0.50,100.00,100.00,0.0000,0.00,0.00,0.0000
0.52,100.00,100.00,0.0000,0.00,0.00,0.0000
0.54,100.00,100.00,0.0000,0.00,0.00,0.0000
0.56,100.00,100.00,0.0000,0.00,0.00,0.0000
0.58,100.00,100.00,0.0000,0.00,0.00,0.0000
0.60,100.00,100.00,0.0000,0.00,0.00,0.0000
0.62,100.00,100.00,0.0000,0.00,0.00,0.0000
0.64,100.00,100.00,0.0000,0.00,0.00,0.0000
0.66,100.00,100.00,0.0000,0.00,0.00,0.0000
0.68,100.00,100.00,0.0000,0.00,0.00,0.0000
0.70,100.00,100.00,0.0000,0.00,0.00,0.0000
0.72,100.00,100.00,0.0000,0.00,0.00,0.0000
0.74,100.00,100.00,0.0000,0.00,0.00,0.0000
0.76,100.00,100.00,0.0000,0.00,0.00,0.0000
0.78,100.00,100.00,0.0000,0.00,0.00,0.0000
0.80,100.00,100.00,0.0000,0.00,0.00,0.0000
0.82,100.00,100.00,0.0000,0.00,0.00,0.0000
0.84,100.00,100.00,0.0000,0.00,0.00,0.0000
0.86,100.00,100.00,0.0000,0.00,0.00,0.0000
0.88,100.00,100.00,0.0000,0.00,0.00,0.0000
0.90,100.00,100.00,0.0000,0.00,0.00,0.0000
0.92,100.00,100.00,0.0000,0.00,0.00,0.0000
0.94,100.00,100.00,0.0000,0.00,0.00,0.0000
0.96,100.00,100.00,0.0000,0.00,0.00,0.0000
0.98,100.00,100.00,0.0000,0.00,0.00,0.0000
1.00,100.00,100.00,0.0000,0.00,0.00,0.0000
1.02,100.00,100.00,0.0000,0.00,0.00,0.0000
1.04,100.00,100.00,0.0000,0.00,0.00,0.0000
1.06,100.00,100.00,0.0000,0.00,0.00,0.0000
1.08,100.00,100.00,0.0000,0.00,0.00,0.0000
1.10,100.00,100.00,0.0000,0.00,0.00,0.0000
1.12,100.00,100.00,0.0000,0.00,0.00,0.0000
1.14,100.00,100.00,0.0000,0.00,0.00,0.0000
1.16,100.00,100.00,0.0000,0.00,0.00,0.0000
1.18,100.00,100.00,0.0000,0.00,0.00,0.0000
1.20,100.00,100.00,0.0000,0.00,0.00,0.0000
1.22,100.00,100.00,0.0000,0.00,0.00,0.0000
1.24,100.00,100.00,0.0000,0.00,0.00,0.0000
1.26,100.00,100.00,0.0000,0.00,0.00,0.0000
1.28,100.00,100.00,0.0000,0.00,0.00,0.0000
1.30,100.00,100.00,0.0000,0.00,0.00,0.0000
1.32,100.00,100.00,0.0000,0.00,0.00,0.0000
1.34,100.00,100.00,0.0000,0.00,0.00,0.0000
1.36,100.00,100.00,0.0000,0.00,0.00,0.0000
1.38,100.00,100.00,0.0000,0.00,0.00,0.0000
1.40,100.00,100.00,0.0000,0.00,0.00,0.0000
1.42,100.00,100.00,0.0000,0.00,0.00,0.0000
1.44,100.00,100.00,0.0000,0.00,0.00,0.0000
1.46,100.00,100.00,0.0000,0.00,0.00,0.0000
1.48,100.00,100.00,0.0000,0.00,0.00,0.0000
1.50,100.00,100.00,0.0000,0.00,0.00,0.0000
1.52,100.00,100.00,0.0000,0.00,0.00,0.0000
1.54,100.00,100.00,0.0000,0.00,0.00,0.0000
1.56,100.00,100.00,0.0000,0.00,0.00,0.0000
1.58,100.00,100.00,0.0000,0.00,0.00,0.0000
1.60,100.00,100.00,0.0000,0.00,0.00,0.0000
1.62,100.00,100.00,0.0000,0.00,0.00,0.0000
1.64,100.00,100.00,0.0000,0.00,0.00,0.0000
1.66,100.00,100.00,0.0000,0.00,0.00,0.0000
1.68,100.00,100.00,0.0000,0.00,0.00,0.0000
1.70,100.00,100.00,0.0000,0.00,0.00,0.0000
1.72,100.00,100.00,0.0000,0.00,0.00,0.0000
1.74,100.00,100.00,0.0000,0.00,0.00,0.0000
1.76,100.00,100.00,0.0000,0.00,0.00,0.0000
1.78,100.00,100.00,0.0000,0.00,0.00,0.0000
1.80,100.00,100.00,0.0000,0.00,0.00,0.0000
1.82,100.00,100.00,0.0000,0.00,0.00,0.0000
1.84,100.00,100.00,0.0000,0.00,0.00,0.0000
1.86,100.00,100.00,0.0000,0.00,0.00,0.0000
1.88,100.00,100.00,0.0000,0.00,0.00,0.0000
1.90,100.00,100.00,0.0000,0.00,0.00,0.0000
1.92,100.00,100.00,0.0000,0.00,0.00,0.0000
1.94,100.00,100.00,0.0000,0.00,0.00,0.0000
1.96,100.00,100.00,0.0000,0.00,0.00,0.0000
1.98,100.00,100.00,0.0000,0.00,0.00,0.0000
2.00,100.00,100.00,0.0000,0.00,0.00,0.0000
2.02,100.00,100.00,0.0000,0.00,0.00,0.0000
2.04,100.00,100.00,0.0000,0.00,0.00,0.0000
2.06,100.00,100.00,0.0000,0.00,0.00,0.0000
2.08,100.00,100.00,0.0000,0.00,0.00,0.0000
2.10,100.00,100.00,0.0000,0.00,0.00,0.0000
2.12,100.00,100.00,0.0000,0.00,0.00,0.0000
2.14,100.00,100.00,0.0000,0.00,0.00,0.0000
2.16,100.00,100.00,0.0000,0.00,0.00,0.0000
2.18,100.00,100.00,0.0000,0.00,0.00,0.0000
2.20,100.00,100.00,0.0000,0.00,0.00,0.0000
2.22,100.00,100.00,0.0000,0.00,0.00,0.0000
2.24,100.00,100.00,0.0000,0.00,0.00,0.0000
2.26,100.00,100.00,0.0000,0.00,0.00,0.0000
2.28,100.00,100.00,0.0000,0.00,0.00,0.0000
2.30,100.00,100.00,0.0000,0.00,0.00,0.0000
2.32,100.00,100.00,0.0000,0.00,0.00,0.0000
2.34,100.00,100.00,0.0000,0.00,0.00,0.0000
2.36,100.00,100.00,0.0000,0.00,0.00,0.0000
2.38,100.00,100.00,0.0000,0.00,0.00,0.0000
2.40,100.00,100.00,0.0000,0.00,0.00,0.0000
2.42,100.00,100.00,0.0000,0.00,0.00,0.0000
2.44,100.00,100.00,0.0000,0.00,0.00,0.0000
2.46,100.00,100.00,0.0000,0.00,0.00,0.0000
2.48,100.00,100.00,0.0000,0.00,0.00,0.0000
2.50,100.00,100.00,0.0000,0.00,0.00,0.0000
2.52,100.00,100.00,0.0000,0.00,0.00,0.0000
2.54,100.00,100.00,0.0000,0.00,0.00,0.0000
2.56,100.00,100.00,0.0000,0.00,0.00,0.0000
2.58,100.00,100.00,0.0000,0.00,0.00,0.0000
2.60,100.00,100.00,0.0000,0.00,0.00,0.0000
2.62,100.00,100.00,0.0000,0.00,0.00,0.0000
2.64,100.00,100.00,0.0000,0.00,0.00,0.0000
2.66,100.00,100.00,0.0000,0.00,0.00,0.0000
2.68,100.00,100.00,0.0000,0.00,0.00,0.0000
2.70,100.00,100.00,0.0000,0.00,0.00,0.0000
2.72,100.00,100.00,0.0000,0.00,0.00,0.0000
2.74,100.00,100.00,0.0000,0.00,0.00,0.0000
2.76,100.00,100.00,0.0000,0.00,0.00,0.0000
2.78,100.00,100.00,0.0000,0.00,0.00,0.0000
2.80,100.00,100.00,0.0000,0.00,0.00,0.0000
2.82,100.00,100.00,0.0000,0.00,0.00,0.0000
2.84,100.00,100.00,0.0000,0.00,0.00,0.0000
2.86,100.00,100.00,0.0000,0.00,0.00,0.0000
2.88,100.00,100.00,0.0000,0.00,0.00,0.0000
2.90,100.00,100.00,0.0000,0.00,0.00,0.0000
2.92,100.00,100.00,0.0000,0.00,0.00,0.0000
2.94,100.00,100.00,0.0000,0.00,0.00,0.0000
2.96,100.00,100.00,0.0000,0.00,0.00,0.0000
2.98,100.00,100.00,0.0000,0.00,0.00,0.0000
3.00,100.00,100.00,0.0000,0.00,0.00,0.0000
3.02,100.00,100.00,0.0000,0.00,0.00,0.0000
3.04,100.00,100.00,0.0000,0.00,0.00,0.0000
3.06,100.00,100.00,0.0000,0.00,0.00,0.0000
3.08,100.00,100.00,0.0000,0.00,0.00,0.0000
3.10,100.00,100.00,0.0000,0.00,0.00,0.0000
3.12,100.00,100.00,0.0000,0.00,0.00,0.0000
3.14,100.00,100.00,0.0000,0.00,0.00,0.0000
3.16,100.00,100.00,0.0000,0.00,0.00,0.0000
3.18,100.00,100.00,0.0000,0.00,0.00,0.0000
3.20,100.00,100.00,0.0000,0.00,0.00,0.0000
3.22,100.00,100.00,0.0000,0.00,0.00,0.0000
3.24,100.00,100.00,0.0000,0.00,0.00,0.0000
3.26,100.00,100.00,0.0000,0.00,0.00,0.0000
3.28,100.00,100.00,0.0000,0.00,0.00,0.0000
3.30,100.00,100.00,0.0000,0.00,0.00,0.0000
3.32,100.00,100.00,0.0000,0.00,0.00,0.0000
3.34,100.00,100.00,0.0000,0.00,0.00,0.0000
3.36,100.00,100.00,0.0000,0.00,0.00,0.0000
3.38,100.00,100.00,0.0000,0.00,0.00,0.0000
3.40,100.00,100.00,0.0000,0.00,0.00,0.0000
3.42,100.00,100.00,0.0000,0.00,0.00,0.0000
3.44,100.00,100.00,0.0000,0.00,0.00,0.0000
3.46,100.00,100.00,0.0000,0.00,0.00,0.0000
3.48,100.00,100.00,0.0000,0.00,0.00,0.0000
3.50,100.00,100.00,0.0000,0.00,0.00,0.0000
3.52,100.00,100.00,0.0000,0.00,0.00,0.0000
3.54,100.00,100.00,0.0000,0.00,0.00,0.0000
3.56,100.00,100.00,0.0000,0.00,0.00,0.0000
3.58,100.00,100.00,0.0000,0.00,0.00,0.0000
3.60,100.00,100.00,0.0000,0.00,0.00,0.0000
3.62,100.00,100.00,0.0000,0.00,0.00,0.0000
3.64,100.00,100.00,0.0000,0.00,0.00,0.0000
3.66,100.00,100.00,0.0000,0.00,0.00,0.0000
3.68,100.00,100.00,0.0000,0.00,0.00,0.0000
3.70,100.00,100.00,0.0000,0.00,0.00,0.0000
3.72,100.00,100.00,0.0000,0.00,0.00,0.0000
3.74,100.00,100.00,0.0000,0.00,0.00,0.0000
3.76,100.00,100.00,0.0000,0.00,0.00,0.0000
3.78,100.00,100.00,0.0000,0.00,0.00,0.0000
3.80,100.00,100.00,0.0000,0.00,0.00,0.0000
3.82,100.00,100.00,0.0000,0.00,0.00,0.0000
3.84,100.00,100.00,0.0000,0.00,0.00,0.0000
3.86,100.00,100.00,0.0000,0.00,0.00,0.0000
3.88,100.00,100.00,0.0000,0.00,0.00,0.0000
3.90,100.00,100.00,0.0000,0.00,0.00,0.0000
3.92,100.00,100.00,0.0000,0.00,0.00,0.0000
3.94,100.00,100.00,0.0000,0.00,0.00,0.0000
3.96,100.00,100.00,0.0000,0.00,0.00,0.0000
3.98,100.00,100.00,0.0000,0.00,0.00,0.0000
4.00,100.00,100.00,0.0000,0.00,0.00,0.0000
4.02,100.00,100.00,0.0000,0.00,0.00,0.0000
4.04,100.00,100.00,0.0000,0.00,0.00,0.0000
4.06,100.00,100.00,0.0000,0.00,0.00,0.0000
4.08,100.00,100.00,0.0000,0.00,0.00,0.0000
4.10,100.00,100.00,0.0000,0.00,0.00,0.0000
4.12,100.00,100.00,0.0000,0.00,0.00,0.0000
4.14,100.00,100.00,0.0000,0.00,0.00,0.0000
4.16,100.00,100.00,0.0000,0.00,0.00,0.0000
4.18,100.00,100.00,0.0000,0.00,0.00,0.0000
4.20,100.00,100.00,0.0000,0.00,0.00,0.0000
4.22,100.00,100.00,0.0000,0.00,0.00,0.0000
4.24,100.00,100.00,0.0000,0.00,0.00,0.0000
4.26,100.00,100.00,0.0000,0.00,0.00,0.0000
4.28,100.00,100.00,0.0000,0.00,0.00,0.0000
4.30,100.00,100.00,0.0000,0.00,0.00,0.0000
4.32,100.00,100.00,0.0000,0.00,0.00,0.0000
4.34,100.00,100.00,0.0000,0.00,0.00,0.0000
4.36,100.00,100.00,0.0000,0.00,0.00,0.0000
4.38,100.00,100.00,0.0000,0.00,0.00,0.0000
4.40,100.00,100.00,0.0000,0.00,0.00,0.0000
4.42,100.00,100.00,0.0000,0.00,0.00,0.0000
4.44,100.00,100.00,0.0000,0.00,0.00,0.0000
4.46,100.00,100.00,0.0000,0.00,0.00,0.0000
4.48,100.00,100.00,0.0000,0.00,0.00,0.0000
4.50,100.00,100.00,0.0000,0.00,0.00,0.0000
4.52,100.00,100.00,0.0000,0.00,0.00,0.0000
4.54,100.00,100.00,0.0000,0.00,0.00,0.0000
4.56,100.00,100.00,0.0000,0.00,0.00,0.0000
4.58,100.00,100.00,0.0000,0.00,0.00,0.0000
4.60,100.00,100.00,0.0000,0.00,0.00,0.0000
4.62,100.00,100.00,0.0000,0.00,0.00,0.0000
4.64,100.00,100.00,0.0000,0.00,0.00,0.0000
4.66,100.00,100.00,0.0000,0.00,0.00,0.0000
4.68,100.00,100.00,0.0000,0.00,0.00,0.0000
4.70,100.00,100.00,0.0000,0.00,0.00,0.0000
4.72,100.00,100.00,0.0000,0.00,0.00,0.0000
4.74,100.00,100.00,0.0000,0.00,0.00,0.0000
4.76,100.00,100.00,0.0000,0.00,0.00,0.0000
4.78,100.00,100.00,0.0000,0.00,0.00,0.0000
4.80,100.00,100.00,0.0000,0.00,0.00,0.0000
4.82,100.00,100.00,0.0000,0.00,0.00,0.0000
4.84,100.00,100.00,0.0000,0.00,0.00,0.0000
4.86,100.00,100.00,0.0000,0.00,0.00,0.0000
4.88,100.00,100.00,0.0000,0.00,0.00,0.0000
4.90,100.00,100.00,0.0000,0.00,0.00,0.0000
4.92,100.00,100.00,0.0000,0.00,0.00,0.0000
4.94,100.00,100.00,0.0000,0.00,0.00,0.0000
4.96,100.00,100.00,0.0000,0.00,0.00,0.0000
4.98,100.00,100.00,0.0000,0.00,0.00,0.0000
5.00,100.00,100.00,0.0000,0.00,0.00,0.0000
5.02,100.00,100.00,0.0000,0.00,0.00,0.0000
5.04,100.00,100.00,0.0000,0.00,0.00,0.0000
5.06,100.00,100.00,0.0000,0.00,0.00,0.0000
5.08,100.00,100.00,0.0000,0.00,0.00,0.0000
5.10,100.00,100.00,0.0000,0.00,0.00,0.0000
5.12,100.00,100.00,0.0000,0.00,0.00,0.0000
5.14,100.00,100.00,0.0000,0.00,0.00,0.0000
5.16,100.00,100.00,0.0000,0.00,0.00,0.0000
5.18,100.00,100.00,0.0000,0.00,0.00,0.0000
5.20,100.00,100.00,0.0000,0.00,0.00,0.0000
5.22,100.00,100.00,0.0000,0.00,0.00,0.0000
5.24,100.00,100.00,0.0000,0.00,0.00,0.0000
5.26,100.00,100.00,0.0000,0.00,0.00,0.0000
5.28,100.00,100.00,0.0000,0.00,0.00,0.0000
5.30,100.00,100.00,0.0000,0.00,0.00,0.0000
5.32,100.00,100.00,0.0000,0.00,0.00,0.0000
5.34,100.00,100.00,0.0000,0.00,0.00,0.0000
5.36,100.00,100.00,0.0000,0.00,0.00,0.0000
5.38,100.00,100.00,0.0000,0.00,0.00,0.0000
5.40,100.00,100.00,0.0000,0.00,0.00,0.0000
5.42,100.00,100.00,0.0000,0.00,0.00,0.0000
5.44,100.00,100.00,0.0000,0.00,0.00,0.0000
5.46,100.00,100.00,0.0000,0.00,0.00,0.0000
5.48,100.00,100.00,0.0000,0.00,0.00,0.0000
5.50,100.00,100.00,0.0000,0.00,0.00,0.0000
5.52,100.00,100.00,0.0000,0.00,0.00,0.0000
5.54,100.00,100.00,0.0000,0.00,0.00,0.0000
5.56,100.00,100.00,0.0000,0.00,0.00,0.0000
5.58,100.00,100.00,0.0000,0.00,0.00,0.0000
5.60,100.00,100.00,0.0000,0.00,0.00,0.0000
5.62,100.00,100.00,0.0000,0.00,0.00,0.0000
5.64,100.00,100.00,0.0000,0.00,0.00,0.0000
5.66,100.00,100.00,0.0000,0.00,0.00,0.0000
5.68,100.00,100.00,0.0000,0.00,0.00,0.0000
5.70,100.00,100.00,0.0000,0.00,0.00,0.0000
5.72,100.00,100.00,0.0000,0.00,0.00,0.0000
5.74,100.00,100.00,0.0000,0.00,0.00,0.0000
5.76,100.00,100.00,0.0000,0.00,0.00,0.0000
5.78,100.00,100.00,0.0000,0.00,0.00,0.0000
5.80,100.00,100.00,0.0000,0.00,0.00,0.0000
5.82,100.00,100.00,0.0000,0.00,0.00,0.0000
5.84,100.00,100.00,0.0000,0.00,0.00,0.0000
5.86,100.00,100.00,0.0000,0.00,0.00,0.0000
5.88,100.00,100.00,0.0000,0.00,0.00,0.0000
5.90,100.00,100.00,0.0000,0.00,0.00,0.0000
5.92,100.00,100.00,0.0000,0.00,0.00,0.0000
5.94,100.00,100.00,0.0000,0.00,0.00,0.0000
5.96,100.00,100.00,0.0000,0.00,0.00,0.0000
5.98,100.00,100.00,0.0000,0.00,0.00,0.0000
6.00,100.00,100.00,0.0000,0.00,0.00,0.0000
6.02,100.00,100.00,0.0000,0.00,0.00,0.0000
6.04,100.00,100.00,0.0000,0.00,0.00,0.0000
6.06,100.00,100.00,0.0000,0.00,0.00,0.0000
6.08,100.00,100.00,0.0000,0.00,0.00,0.0000
6.10,100.00,100.00,0.0000,0.00,0.00,0.0000
6.12,100.00,100.00,0.0000,0.00,0.00,0.0000
6.14,100.00,100.00,0.0000,0.00,0.00,0.0000
6.16,100.00,100.00,0.0000,0.00,0.00,0.0000
6.18,100.00,100.00,0.0000,0.00,0.00,0.0000
6.20,100.00,100.00,0.0000,0.00,0.00,0.0000
6.22,100.00,100.00,0.0000,0.00,0.00,0.0000
6.24,100.00,100.00,0.0000,0.00,0.00,0.0000
6.26,100.00,100.00,0.0000,0.00,0.00,0.0000
6.28,100.00,100.00,0.0000,0.00,0.00,0.0000
6.30,100.00,100.00,0.0000,0.00,0.00,0.0000
6.32,100.00,100.00,0.0000,0.00,0.00,0.0000
6.34,100.00,100.00,0.0000,0.00,0.00,0.0000
6.36,100.00,100.00,0.0000,0.00,0.00,0.0000
6.38,100.00,100.00,0.0000,0.00,0.00,0.0000
6.40,100.00,100.00,0.0000,0.00,0.00,0.0000
6.42,100.00,100.00,0.0000,0.00,0.00,0.0000
6.44,100.00,100.00,0.0000,0.00,0.00,0.0000
6.46,100.00,100.00,0.0000,0.00,0.00,0.0000
6.48,100.00,100.00,0.0000,0.00,0.00,0.0000
6.50,100.00,100.00,0.0000,0.00,0.00,0.0000
6.52,100.00,100.00,0.0000,0.00,0.00,0.0000
6.54,100.00,100.00,0.0000,0.00,0.00,0.0000
6.56,100.00,100.00,0.0000,0.00,0.00,0.0000
6.58,100.00,100.00,0.0000,0.12,6.00,0.0000
6.60,100.01,100.00,0.0000,0.24,6.00,0.0000
6.62,100.01,100.00,0.0000,0.36,6.00,0.0000
6.64,100.02,100.00,0.0000,0.48,6.00,0.0000
6.66,100.04,100.00,0.0000,0.60,6.00,0.0000
6.68,100.05,100.00,0.0000,0.72,6.00,0.0000
6.70,100.07,100.00,0.0000,0.84,6.00,0.0000
6.72,100.09,100.00,0.0000,0.96,6.00,0.0000
6.74,100.11,100.00,0.0000,1.08,6.00,0.0000
6.76,100.13,100.00,0.0000,1.20,6.00,0.0000
6.78,100.16,100.00,0.0000,1.32,6.00,0.0000
6.80,100.19,100.00,0.0000,1.44,6.00,0.0000
6.82,100.22,100.00,0.0000,1.56,6.00,0.0000
6.84,100.25,100.00,0.0000,1.68,6.00,0.0000
6.86,100.29,100.00,0.0000,1.80,6.00,0.0000
6.88,100.33,100.00,0.0000,1.92,6.00,0.0000
6.90,100.37,100.00,0.0000,2.04,6.00,0.0000
6.92,100.41,100.00,0.0000,2.16,6.00,0.0000
6.94,100.46,100.00,0.0000,2.28,6.00,0.0000
6.96,100.50,100.00,0.0000,2.40,6.00,0.0000
6.98,100.55,100.00,0.0000,2.52,6.00,0.0000
7.00,100.61,100.00,0.0000,2.64,6.00,0.0000
7.02,100.66,100.00,0.0000,2.76,6.00,0.0000
7.04,100.72,100.00,0.0000,2.88,6.00,0.0000
7.06,100.78,100.00,0.0000,3.00,6.00,0.0000
7.08,100.84,100.00,0.0000,3.12,6.00,0.0000
7.10,100.91,100.00,0.0000,3.24,6.00,0.0000
7.12,100.97,100.00,0.0000,3.36,6.00,0.0000
7.14,101.04,100.00,0.0000,3.48,6.00,0.0000
7.16,101.12,100.00,0.0000,3.60,6.00,0.0000
7.18,101.19,100.00,0.0000,3.72,6.00,0.0000
7.20,101.27,100.00,0.0000,3.84,6.00,0.0000
7.22,101.35,100.00,0.0000,3.96,6.00,0.0000
7.24,101.43,100.00,0.0000,4.08,6.00,0.0000
7.26,101.51,100.00,0.0000,4.20,6.00,0.0000
7.28,101.60,100.00,0.0000,4.32,6.00,0.0000
7.30,101.69,100.00,0.0000,4.44,6.00,0.0000
7.32,101.78,100.00,0.0000,4.56,6.00,0.0000
7.34,101.87,100.00,0.0000,4.68,6.00,0.0000
7.36,101.97,100.00,0.0000,4.80,6.00,0.0000
7.38,102.07,100.00,0.0000,4.92,6.00,0.0000
7.40,102.17,100.00,0.0000,5.04,6.00,0.0000
7.42,102.27,100.00,0.0000,5.16,6.00,0.0000
7.44,102.38,100.00,0.0000,5.28,6.00,0.0000
7.46,102.48,100.00,0.0000,5.40,6.00,0.0000
7.48,102.59,100.00,0.0000,5.52,6.00,0.0000
7.50,102.71,100.00,0.0000,5.64,6.00,0.0000
7.52,102.82,100.00,0.0000,5.76,6.00,0.0000
7.54,102.94,100.00,0.0000,5.88,6.00,0.0000
7.56,103.06,100.00,0.0000,6.00,6.00,0.0000
7.58,103.18,100.00,0.0000,6.12,6.00,0.0000
7.60,103.31,100.00,0.0000,6.24,6.00,0.0000
7.62,103.43,100.00,0.0000,6.36,6.00,0.0000
7.64,103.56,100.00,0.0000,6.48,6.00,0.0000
7.66,103.70,100.00,0.0000,6.60,6.00,0.0000
7.68,103.83,100.00,0.0000,6.72,6.00,0.0000
7.70,103.97,100.00,0.0000,6.84,6.00,0.0000
7.72,104.11,100.00,0.0000,6.96,6.00,0.0000
7.74,104.25,100.00,0.0000,7.08,6.00,0.0000
7.76,104.39,100.00,0.0000,7.20,6.00,0.0000
7.78,104.54,100.00,0.0000,7.32,6.00,0.0000
7.80,104.69,100.00,0.0000,7.44,6.00,0.0000
7.82,104.84,100.00,0.0000,7.56,6.00,0.0000
7.84,104.99,100.00,0.0000,7.68,6.00,0.0000
7.86,105.15,100.00,0.0000,7.80,6.00,0.0000
7.88,105.31,100.00,0.0000,7.92,6.00,0.0000
7.90,105.47,100.00,0.0000,8.04,6.00,0.0000
7.92,105.63,100.00,0.0000,8.16,6.00,0.0000
7.94,105.80,100.00,0.0000,8.28,6.00,0.0000
7.96,105.96,100.00,0.0000,8.40,6.00,0.0000
7.98,106.13,100.00,0.0000,8.52,6.00,0.0000
8.00,106.31,100.00,0.0000,8.64,6.00,0.0000
8.02,106.48,100.00,0.0000,8.76,6.00,0.0000
8.04,106.66,100.00,0.0000,8.88,6.00,0.0000
8.06,106.84,100.00,0.0000,9.00,6.00,0.0000
8.08,107.02,100.00,0.0000,9.12,6.00,0.0000
8.10,107.21,100.00,0.0000,9.24,6.00,0.0000
8.12,107.39,100.00,0.0000,9.36,6.00,0.0000
8.14,107.58,100.00,0.0000,9.48,6.00,0.0000
8.16,107.78,100.00,0.0000,9.60,6.00,0.0000
8.18,107.97,100.00,0.0000,9.72,6.00,0.0000
8.20,108.17,100.00,0.0000,9.84,6.00,0.0000
8.22,108.37,100.00,0.0000,9.96,6.00,0.0000
8.24,108.57,100.00,0.0000,10.08,6.00,0.0000
8.26,108.77,100.00,0.0000,10.20,6.00,0.0000
8.28,108.98,100.00,0.0000,10.32,6.00,0.0000
8.30,109.19,100.00,0.0000,10.44,6.00,0.0000
8.32,109.40,100.00,0.0000,10.56,6.00,0.0000
8.34,109.61,100.00,0.0050,10.68,6.00,0.2520
8.36,109.83,100.00,0.0144,10.80,6.00,0.4687
8.38,110.05,100.01,0.0275,10.92,6.00,0.6551
8.40,110.27,100.02,0.0438,11.04,6.00,0.8154
8.42,110.49,100.03,0.0629,11.16,6.00,0.9532
8.44,110.71,100.05,0.0793,11.28,6.00,0.8198
8.46,110.94,100.07,0.0934,11.40,6.00,0.7050
8.48,111.17,100.10,0.1055,11.52,6.00,0.6063
8.50,111.40,100.12,0.1159,11.64,6.00,0.5214
8.52,111.64,100.15,0.1249,11.76,6.00,0.4484
8.54,111.87,100.18,0.1326,11.88,6.00,0.3856
8.56,112.11,100.22,0.1393,12.00,6.00,0.3317
8.58,112.35,100.25,0.1450,12.12,6.00,0.2852
8.60,112.59,100.29,0.1499,12.24,6.00,0.2453
8.62,112.83,100.33,0.1541,12.36,6.00,0.2110
8.64,113.08,100.37,0.1577,12.48,6.00,0.1814
8.66,113.33,100.41,0.1608,12.60,6.00,0.1560
8.68,113.58,100.45,0.1635,12.72,6.00,0.1342
8.70,113.83,100.49,0.1658,12.84,6.00,0.1154
8.72,114.09,100.53,0.1628,12.96,6.00,-0.1528
8.74,114.35,100.57,0.1551,13.08,6.00,-0.3834
8.76,114.61,100.61,0.1435,13.20,6.00,-0.5817
8.78,114.87,100.65,0.1284,13.32,6.00,-0.7523
8.80,115.14,100.68,0.1104,13.44,6.00,-0.8989
8.82,115.41,100.70,0.0899,13.56,6.00,-1.0251
8.84,115.68,100.72,0.0723,13.68,6.00,-0.8816
8.86,115.96,100.73,0.0571,13.80,6.00,-0.7582
8.88,116.24,100.75,0.0441,13.92,6.00,-0.6520
8.90,116.52,100.76,0.0329,14.04,6.00,-0.5607
8.92,116.80,100.76,0.0232,14.16,6.00,-0.4822
8.94,117.09,100.77,0.0150,14.28,6.00,-0.4147
8.96,117.38,100.77,0.0078,14.40,6.00,-0.3567
8.98,117.67,100.77,0.0017,14.52,6.00,-0.3067
9.00,117.96,100.77,-0.0036,14.64,6.00,-0.2638
9.02,118.25,100.77,-0.0081,14.76,6.00,-0.2269
9.04,118.55,100.76,-0.0120,14.88,6.00,-0.1951
9.06,118.85,100.76,-0.0154,15.00,6.00,-0.1678
9.08,119.15,100.75,-0.0183,15.00,0.00,-0.1443
9.10,119.45,100.75,-0.0208,15.00,0.00,-0.1241
9.12,119.75,100.74,-0.0229,15.00,0.00,-0.1067
9.14,120.05,100.73,-0.0247,15.00,0.00,-0.0918
9.16,120.35,100.72,-0.0263,15.00,0.00,-0.0789
9.18,120.65,100.72,-0.0277,15.00,0.00,-0.0679
9.20,120.95,100.71,-0.0288,15.00,0.00,-0.0584
9.22,121.25,100.70,-0.0298,15.00,0.00,-0.0502
9.24,121.55,100.69,-0.0307,15.00,0.00,-0.0432
9.26,121.85,100.68,-0.0314,15.00,0.00,-0.0371
9.28,122.15,100.67,-0.0321,15.00,0.00,-0.0319
9.30,122.45,100.66,-0.0326,15.00,0.00,-0.0275
9.32,122.75,100.65,-0.0331,15.00,0.00,-0.0236
9.34,123.05,100.64,-0.0335,15.00,0.00,-0.0203
9.36,123.35,100.63,-0.0339,15.00,0.00,-0.0175
9.38,123.65,100.62,-0.0342,15.00,0.00,-0.0150
9.40,123.95,100.61,-0.0344,15.00,0.00,-0.0129
9.42,124.25,100.60,-0.0346,15.00,0.00,-0.0111
9.44,124.55,100.59,-0.0348,15.00,0.00,-0.0096
9.46,124.85,100.58,-0.0350,15.00,0.00,-0.0082
9.48,125.15,100.57,-0.0351,15.00,0.00,-0.0071
9.50,125.45,100.56,-0.0353,15.00,0.00,-0.0061
9.52,125.75,100.55,-0.0354,15.00,0.00,-0.0052
9.54,126.05,100.54,-0.0354,15.00,0.00,-0.0045
9.56,126.35,100.53,-0.0355,15.00,0.00,-0.0039
9.58,126.65,100.51,-0.0356,15.00,0.00,-0.0033
9.60,126.95,100.50,-0.0356,15.00,0.00,-0.0029
9.62,127.25,100.49,-0.0357,15.00,0.00,-0.0025
9.64,127.55,100.48,-0.0307,15.00,0.00,0.2499
9.66,127.85,100.48,-0.0214,15.00,0.00,0.4669
9.68,128.15,100.48,-0.0083,15.00,0.00,0.6535
9.70,128.45,100.48,0.0080,15.00,0.00,0.8140
9.72,128.75,100.48,0.0220,15.00,0.00,0.7001
9.74,129.05,100.49,0.0340,15.00,0.00,0.6021
9.76,129.35,100.51,0.0444,15.00,0.00,0.5178
9.78,129.65,100.52,0.0533,15.00,0.00,0.4453
9.80,129.94,100.54,0.0610,15.00,0.00,0.3829
9.82,130.24,100.56,0.0675,15.00,0.00,0.3293
9.84,130.54,100.58,0.0732,15.00,0.00,0.2832
9.86,130.84,100.61,0.0781,15.00,0.00,0.2436
9.88,131.14,100.63,0.0823,15.00,0.00,0.2095
9.90,131.44,100.66,0.0859,15.00,0.00,0.1801
9.92,131.74,100.68,0.0890,15.00,0.00,0.1549
9.94,132.04,100.71,0.0916,15.00,0.00,0.1332
9.96,132.34,100.74,0.0939,15.00,0.00,0.1146
9.98,132.64,100.77,0.0959,15.00,0.00,0.0985
10.00,132.93,100.80,0.0976,15.00,0.00,0.0847
10.02,133.23,100.83,0.0990,15.00,0.00,0.0729
10.04,133.53,100.86,0.1003,15.00,0.00,0.0627
10.06,133.83,100.89,0.1014,15.00,0.00,0.0539
10.08,134.13,100.92,0.1023,15.00,0.00,0.0464
10.10,134.43,100.95,0.1031,15.00,0.00,0.0399
10.12,134.72,100.98,0.1038,15.00,0.00,0.0343
10.14,135.02,101.01,0.1044,15.00,0.00,0.0295
10.16,135.32,101.04,0.1049,15.00,0.00,0.0254
10.18,135.62,101.08,0.1053,15.00,0.00,0.0218
10.20,135.92,101.11,0.1057,15.00,0.00,0.0188
10.22,136.22,101.14,0.1010,15.00,0.00,-0.2359
10.24,136.52,101.16,0.0919,15.00,0.00,-0.4548
10.26,136.81,101.19,0.0790,15.00,0.00,-0.6432
10.28,137.11,101.21,0.0629,15.00,0.00,-0.8051
10.30,137.41,101.22,0.0440,15.00,0.00,-0.9444
10.32,137.71,101.23,0.0227,15.00,0.00,-1.0642
10.34,138.01,101.23,0.0044,15.00,0.00,-0.9152
10.36,138.31,101.23,-0.0113,15.00,0.00,-0.7871
10.38,138.61,101.22,-0.0248,15.00,0.00,-0.6769
10.40,138.91,101.21,-0.0365,15.00,0.00,-0.5821
10.42,139.21,101.19,-0.0465,15.00,0.00,-0.5006
10.44,139.51,101.18,-0.0551,15.00,0.00,-0.4305
10.46,139.81,101.16,-0.0625,15.00,0.00,-0.3703
10.48,140.11,101.14,-0.0689,15.00,0.00,-0.3184
10.50,140.41,101.11,-0.0744,15.00,0.00,-0.2738
10.52,140.71,101.09,-0.0791,15.00,0.00,-0.2355
10.54,141.01,101.07,-0.0831,15.00,0.00,-0.2025
10.56,141.31,101.04,-0.0866,15.00,0.00,-0.1742
10.58,141.61,101.01,-0.0896,15.00,0.00,-0.1498
10.60,141.90,100.99,-0.0922,15.00,0.00,-0.1288
10.62,142.20,100.96,-0.0944,15.00,0.00,-0.1108
10.64,142.50,100.93,-0.0963,15.00,0.00,-0.0953
10.66,142.80,100.90,-0.0979,15.00,0.00,-0.0819
10.68,143.10,100.87,-0.0993,15.00,0.00,-0.0705
10.70,143.40,100.84,-0.1006,15.00,0.00,-0.0606
10.72,143.70,100.81,-0.1016,15.00,0.00,-0.0521
10.74,143.99,100.78,-0.1025,15.00,0.00,-0.0448
10.76,144.29,100.75,-0.1033,15.00,0.00,-0.0385
10.78,144.59,100.72,-0.1039,15.00,0.00,-0.0332
10.80,144.89,100.69,-0.0995,15.00,0.00,0.2235
10.82,145.19,100.66,-0.0906,15.00,0.00,0.4442
10.84,145.49,100.64,-0.0779,15.00,0.00,0.6340
10.86,145.79,100.62,-0.0619,15.00,0.00,0.7973
10.88,146.09,100.60,-0.0432,15.00,0.00,0.9376
10.90,146.39,100.60,-0.0220,15.00,0.00,1.0584
10.92,146.69,100.60,-0.0038,15.00,0.00,0.9102
10.94,146.99,100.60,0.0118,15.00,0.00,0.7828
10.96,147.29,100.61,0.0253,15.00,0.00,0.6732
10.98,147.59,100.62,0.0369,15.00,0.00,0.5789
11.00,147.89,100.63,0.0468,15.00,0.00,0.4979
11.02,148.19,100.65,0.0554,15.00,0.00,0.4282
11.04,148.48,100.67,0.0628,15.00,0.00,0.3682
11.06,148.78,100.69,0.0691,15.00,0.00,0.3167
11.08,149.08,100.71,0.0745,15.00,0.00,0.2723
11.10,149.38,100.73,0.0792,15.00,0.00,0.2342
11.12,149.68,100.76,0.0833,15.00,0.00,0.2014
11.14,149.98,100.79,0.0867,15.00,0.00,0.1732
11.16,150.28,100.81,0.0897,15.00,0.00,0.1490
11.18,150.58,100.84,0.0923,15.00,0.00,0.1281
11.20,150.88,100.87,0.0945,15.00,0.00,0.1102
11.22,151.17,100.90,0.0964,15.00,0.00,0.0948
11.24,151.47,100.93,0.0929,15.00,0.00,-0.1705
11.26,151.77,100.95,0.0850,15.00,0.00,-0.3986
11.28,152.07,100.97,0.0731,15.00,0.00,-0.5948
11.30,152.37,100.99,0.0578,15.00,0.00,-0.7636
11.32,152.67,101.00,0.0396,15.00,0.00,-0.9087
11.34,152.97,101.01,0.0190,15.00,0.00,-1.0334
11.36,153.27,101.01,0.0012,15.00,0.00,-0.8888
11.38,153.57,101.00,-0.0141,15.00,0.00,-0.7643
11.40,153.87,101.00,-0.0272,15.00,0.00,-0.6573
11.42,154.17,100.98,-0.0385,15.00,0.00,-0.5653
11.44,154.47,100.97,-0.0483,15.00,0.00,-0.4862
11.46,154.77,100.95,-0.0566,15.00,0.00,-0.4181
11.48,155.07,100.93,-0.0638,15.00,0.00,-0.3596
11.50,155.37,100.91,-0.0700,15.00,0.00,-0.3092
11.52,155.67,100.89,-0.0753,15.00,0.00,-0.2659
11.54,155.97,100.87,-0.0799,15.00,0.00,-0.2287
11.56,156.27,100.84,-0.0838,15.00,0.00,-0.1967
11.58,156.56,100.81,-0.0872,15.00,0.00,-0.1691
11.60,156.86,100.79,-0.0901,15.00,0.00,-0.1455
11.62,157.16,100.76,-0.0926,15.00,0.00,-0.1251
11.64,157.46,100.73,-0.0948,15.00,0.00,-0.1076
11.66,157.76,100.70,-0.0966,15.00,0.00,-0.0925
11.68,158.06,100.67,-0.0982,15.00,0.00,-0.0796
11.70,158.36,100.64,-0.0996,15.00,0.00,-0.0684
11.72,158.65,100.61,-0.1008,15.00,0.00,-0.0589
11.74,158.95,100.58,-0.1018,15.00,0.00,-0.0506
11.76,159.25,100.55,-0.1027,15.00,0.00,-0.0435
11.78,159.55,100.52,-0.1034,15.00,0.00,-0.0374
11.80,159.85,100.49,-0.1040,15.00,0.00,-0.0322
11.82,160.15,100.46,-0.0996,15.00,0.00,0.2243
11.84,160.45,100.43,-0.0907,15.00,0.00,0.4449
11.86,160.74,100.41,-0.0780,15.00,0.00,0.6346
11.88,161.04,100.39,-0.0620,15.00,0.00,0.7978
11.90,161.34,100.38,-0.0483,15.00,0.00,0.6861
11.92,161.64,100.37,-0.0365,15.00,0.00,0.5900
11.94,161.94,100.36,-0.0263,15.00,0.00,0.5074
11.96,162.24,100.35,-0.0176,15.00,0.00,0.4364
11.98,162.54,100.35,-0.0101,15.00,0.00,0.3753
12.00,162.84,100.35,-0.0037,15.00,0.00,0.3228
12.02,163.14,100.35,0.0019,15.00,0.00,0.2776
12.04,163.44,100.35,0.0067,15.00,0.00,0.2387
12.06,163.74,100.35,0.0108,15.00,0.00,0.2053
12.08,164.04,100.36,0.0143,15.00,0.00,0.1765
12.10,164.34,100.36,0.0173,15.00,0.00,0.1518
12.12,164.64,100.37,0.0200,15.00,0.00,0.1306
12.14,164.94,100.38,0.0222,15.00,0.00,0.1123
12.16,165.24,100.38,0.0241,15.00,0.00,0.0966
12.18,165.54,100.39,0.0258,15.00,0.00,0.0831
12.20,165.84,100.40,0.0272,15.00,0.00,0.0714
12.22,166.14,100.41,0.0285,15.00,0.00,0.0614
12.24,166.44,100.42,0.0295,15.00,0.00,0.0528
12.26,166.74,100.43,0.0304,15.00,0.00,0.0454
12.28,167.04,100.44,0.0312,15.00,0.00,0.0391
12.30,167.34,100.44,0.0319,15.00,0.00,0.0336
12.32,167.64,100.45,0.0324,15.00,0.00,0.0289
12.34,167.94,100.46,0.0329,15.00,0.00,0.0249
12.36,168.24,100.47,0.0334,15.00,0.00,0.0214
12.38,168.54,100.48,0.0337,15.00,0.00,0.0184
12.40,168.84,100.49,0.0341,15.00,0.00,0.0158
12.42,169.14,100.50,0.0343,15.00,0.00,0.0136
12.44,169.44,100.51,0.0295,15.00,0.00,-0.2403
12.46,169.74,100.52,0.0204,15.00,0.00,-0.4587
12.48,170.04,100.52,0.0074,15.00,0.00,-0.6465
12.50,170.34,100.52,-0.0087,15.00,0.00,-0.8079
12.52,170.64,100.51,-0.0277,15.00,0.00,-0.9468
12.54,170.94,100.50,-0.0440,15.00,0.00,-0.8143
12.56,171.24,100.48,-0.0580,15.00,0.00,-0.7003
12.58,171.54,100.46,-0.0700,15.00,0.00,-0.6022
12.60,171.84,100.44,-0.0804,15.00,0.00,-0.5179
12.62,172.14,100.41,-0.0893,15.00,0.00,-0.4454
12.64,172.44,100.38,-0.0969,15.00,0.00,-0.3831
12.66,172.73,100.35,-0.1035,15.00,0.00,-0.3294
12.68,173.03,100.32,-0.1092,15.00,0.00,-0.2833
12.70,173.33,100.28,-0.1141,15.00,0.00,-0.2436
12.72,173.63,100.25,-0.1183,15.00,0.00,-0.2095
12.74,173.93,100.21,-0.1219,15.00,0.00,-0.1802
12.76,174.22,100.17,-0.1250,15.00,0.00,-0.1550
12.78,174.52,100.13,-0.1276,15.00,0.00,-0.1333
12.80,174.82,100.10,-0.1299,15.00,0.00,-0.1146
12.82,175.12,100.06,-0.1319,15.00,0.00,-0.0986
12.84,175.41,100.02,-0.1336,15.00,0.00,-0.0848
12.86,175.71,99.98,-0.1350,15.00,0.00,-0.0729
12.88,176.01,99.94,-0.1363,15.00,0.00,-0.0627
12.90,176.31,99.89,-0.1374,15.00,0.00,-0.0539
12.92,176.60,99.85,-0.1383,15.00,0.00,-0.0464
12.94,176.90,99.81,-0.1391,15.00,0.00,-0.0399
12.96,177.20,99.77,-0.1398,15.00,0.00,-0.0343
12.98,177.49,99.73,-0.1404,15.00,0.00,-0.0295
13.00,177.79,99.69,-0.1409,15.00,0.00,-0.0254
13.02,178.09,99.64,-0.1413,15.00,0.00,-0.0218
13.04,178.38,99.60,-0.1417,15.00,0.00,-0.0188
13.06,178.68,99.56,-0.1420,15.00,0.00,-0.0161
13.08,178.98,99.52,-0.1423,15.00,0.00,-0.0139
13.10,179.28,99.47,-0.1425,15.00,0.00,-0.0119
13.12,179.57,99.43,-0.1427,15.00,0.00,-0.0103
13.14,179.87,99.39,-0.1429,15.00,0.00,-0.0088
13.16,180.17,99.34,-0.1431,15.00,0.00,-0.0076
13.18,180.46,99.30,-0.1432,15.00,0.00,-0.0065
13.20,180.76,99.26,-0.1433,15.00,0.00,-0.0056
13.22,181.06,99.22,-0.1434,14.95,-2.50,-0.0048
13.24,181.35,99.17,-0.1435,14.90,-2.50,-0.0042
13.26,181.64,99.13,-0.1436,14.85,-2.50,-0.0036
13.28,181.94,99.09,-0.1436,14.80,-2.50,-0.0031
13.30,182.23,99.05,-0.1437,14.75,-2.50,-0.0026
13.32,182.52,99.00,-0.1437,14.70,-2.50,-0.0023
13.34,182.81,98.96,-0.1438,14.65,-2.50,-0.0020
13.36,183.10,98.92,-0.1438,14.60,-2.50,-0.0017
13.38,183.39,98.88,-0.1438,14.55,-2.50,-0.0014
13.40,183.67,98.84,-0.1438,14.50,-2.50,-0.0012
13.42,183.96,98.80,-0.1439,14.45,-2.50,-0.0011
13.44,184.25,98.75,-0.1439,14.40,-2.50,-0.0009
13.46,184.53,98.71,-0.1439,14.35,-2.50,-0.0008
13.48,184.81,98.67,-0.1439,14.30,-2.50,-0.0007
13.50,185.10,98.63,-0.1389,14.25,-2.50,0.2514
13.52,185.38,98.60,-0.1295,14.20,-2.50,0.4682
13.54,185.66,98.56,-0.1164,14.15,-2.50,0.6547
13.56,185.94,98.54,-0.1001,14.10,-2.50,0.8150
13.58,186.22,98.51,-0.0811,14.05,-2.50,0.9529
13.60,186.50,98.50,-0.0596,14.00,-2.50,1.0715
13.62,186.78,98.49,-0.0362,13.95,-2.50,1.1735
13.64,187.05,98.48,-0.0109,13.90,-2.50,1.2612
13.66,187.33,98.49,0.0158,13.85,-2.50,1.3366
13.68,187.61,98.50,0.0438,13.80,-2.50,1.4015
13.70,187.88,98.52,0.0730,13.75,-2.50,1.4573
13.72,188.15,98.55,0.1031,13.70,-2.50,1.5053
13.74,188.42,98.58,0.1340,13.65,-2.50,1.5465
13.76,188.69,98.63,0.1656,13.60,-2.50,1.5820
13.78,188.96,98.68,0.1979,13.55,-2.50,1.6125
13.80,189.22,98.74,0.2307,13.50,-2.50,1.6388
13.82,189.48,98.81,0.2639,13.45,-2.50,1.6614
13.84,189.74,98.89,0.2975,13.40,-2.50,1.6808
13.86,189.99,98.98,0.3315,13.35,-2.50,1.6975
13.88,190.24,99.07,0.3657,13.30,-2.50,1.7118
13.90,190.48,99.18,0.4002,13.25,-2.50,1.7242
13.92,190.72,99.29,0.4298,13.20,-2.50,1.4828
13.94,190.96,99.40,0.4553,13.15,-2.50,1.2752
13.96,191.19,99.52,0.4773,13.10,-2.50,1.0967
13.98,191.42,99.65,0.4961,13.05,-2.50,0.9431
14.00,191.65,99.78,0.5124,13.00,-2.50,0.8111
14.02,191.87,99.91,0.5263,12.95,-2.50,0.6975
14.04,192.09,100.04,0.5383,12.90,-2.50,0.5999
14.06,192.31,100.17,0.5486,12.85,-2.50,0.5159
14.08,192.53,100.31,0.5575,12.80,-2.50,0.4437
14.10,192.74,100.44,0.5651,12.75,-2.50,0.3816
14.12,192.96,100.58,0.5717,12.70,-2.50,0.3281
14.14,193.17,100.72,0.5773,12.65,-2.50,0.2822
14.16,193.38,100.86,0.5822,12.60,-2.50,0.2427
14.18,193.59,101.00,0.5864,12.55,-2.50,0.2087
14.20,193.80,101.14,0.5899,12.50,-2.50,0.1795
14.22,194.00,101.28,0.5981,12.45,-2.50,0.4064
14.24,194.21,101.42,0.6101,12.40,-2.50,0.6015
14.26,194.41,101.56,0.6255,12.35,-2.50,0.7693
14.28,194.60,101.71,0.6438,12.30,-2.50,0.9136
14.30,194.80,101.86,0.6645,12.25,-2.50,1.0377
14.32,194.99,102.02,0.6874,12.20,-2.50,1.1444
14.34,195.17,102.18,0.7121,12.15,-2.50,1.2362
14.36,195.35,102.34,0.7384,12.10,-2.50,1.3151
14.38,195.52,102.51,0.7661,12.05,-2.50,1.3830
14.40,195.69,102.68,0.7949,12.00,-2.50,1.4414
14.42,195.85,102.85,0.8247,11.95,-2.50,1.4916
14.44,196.01,103.03,0.8554,11.90,-2.50,1.5348
14.46,196.16,103.21,0.8818,11.85,-2.50,1.3199
14.48,196.30,103.40,0.9045,11.80,-2.50,1.1351
14.50,196.45,103.59,0.9241,11.75,-2.50,0.9762
14.52,196.58,103.78,0.9409,11.70,-2.50,0.8395
14.54,196.72,103.97,0.9553,11.65,-2.50,0.7220
14.56,196.85,104.16,0.9677,11.60,-2.50,0.6209
14.58,196.98,104.35,0.9784,11.55,-2.50,0.5340
14.60,197.11,104.54,0.9876,11.50,-2.50,0.4592
14.62,197.23,104.73,0.9955,11.45,-2.50,0.3949
14.64,197.36,104.93,1.0023,11.57,6.00,0.3396
14.66,197.48,105.13,1.0081,11.69,6.00,0.2921
14.68,197.60,105.33,1.0131,11.81,6.00,0.2512
14.70,197.73,105.53,1.0175,11.93,6.00,0.2160
14.72,197.86,105.74,1.0212,12.05,6.00,0.1858
14.74,197.98,105.94,1.0244,12.17,6.00,0.1598
14.76,198.11,106.15,1.0271,12.29,6.00,0.1374
14.78,198.24,106.37,1.0295,12.41,6.00,0.1182
14.80,198.37,106.58,1.0315,12.53,6.00,0.1016
14.82,198.49,106.80,1.0383,12.65,6.00,0.3394
14.84,198.62,107.02,1.0492,12.77,6.00,0.5439
14.86,198.75,107.25,1.0636,12.89,6.00,0.7197
14.88,198.87,107.48,1.0810,13.01,6.00,0.8710
14.90,198.99,107.71,1.1010,13.13,6.00,1.0010
14.92,199.10,107.95,1.1233,13.25,6.00,1.1129
14.94,199.21,108.19,1.1475,13.37,6.00,1.2091
14.96,199.32,108.44,1.1733,13.49,6.00,1.2918
14.98,199.42,108.70,1.2006,13.61,6.00,1.3630
15.00,199.51,108.95,1.2290,13.73,6.00,1.4241
15.02,199.59,109.22,1.2586,13.85,6.00,1.4768
15.04,199.67,109.49,1.2890,13.97,6.00,1.5220
15.06,199.74,109.76,1.3202,14.09,6.00,1.5609
15.08,199.80,110.04,1.3521,14.21,6.00,1.5944
15.10,199.86,110.32,1.3846,14.33,6.00,1.6232
15.12,199.90,110.60,1.4175,14.45,6.00,1.6479
15.14,199.93,110.89,1.4509,14.57,6.00,1.6692
15.16,199.96,111.19,1.4847,14.69,6.00,1.6875
15.18,199.98,111.48,1.5187,14.81,6.00,1.7033
15.20,199.98,111.78,1.5531,14.93,6.00,1.7168
15.22,199.98,112.08,1.5876,14.88,-2.50,1.7285
15.24,199.96,112.37,1.6174,14.83,-2.50,1.4865
15.26,199.94,112.67,1.6429,14.78,-2.50,1.2784
15.28,199.91,112.96,1.6649,14.73,-2.50,1.0994
15.30,199.88,113.25,1.6838,14.68,-2.50,0.9455
15.32,199.84,113.54,1.7001,14.63,-2.50,0.8131
15.34,199.80,113.83,1.7141,14.58,-2.50,0.6993
15.36,199.76,114.12,1.7261,14.53,-2.50,0.6014
15.38,199.71,114.41,1.7365,14.48,-2.50,0.5172
15.40,199.66,114.69,1.7454,14.43,-2.50,0.4448
15.42,199.61,114.97,1.7530,14.38,-2.50,0.3825
15.44,199.55,115.25,1.7596,14.33,-2.50,0.3290
15.46,199.49,115.53,1.7703,14.28,-2.50,0.5349
15.48,199.43,115.81,1.7845,14.23,-2.50,0.7120
15.50,199.37,116.09,1.8018,14.18,-2.50,0.8643
15.52,199.30,116.36,1.8217,14.13,-2.50,0.9953
15.54,199.22,116.63,1.8388,14.08,-2.50,0.8560
15.56,199.15,116.90,1.8536,14.03,-2.50,0.7361
15.58,199.07,117.17,1.8662,13.98,-2.50,0.6331
15.60,198.98,117.44,1.8771,13.93,-2.50,0.5445
15.62,198.89,117.70,1.8865,13.88,-2.50,0.4682
15.64,198.81,117.97,1.8945,14.00,6.00,0.4027
15.66,198.71,118.23,1.9015,14.12,6.00,0.3463
15.68,198.62,118.50,1.9074,14.24,6.00,0.2978
15.70,198.52,118.77,1.9125,14.36,6.00,0.2561
15.72,198.43,119.04,1.9169,14.48,6.00,0.2203
15.74,198.33,119.32,1.9207,14.60,6.00,0.1894
15.76,198.22,119.59,1.9240,14.72,6.00,0.1629
15.78,198.12,119.87,1.9268,14.84,6.00,0.1401
15.80,198.02,120.15,1.9292,14.96,6.00,0.1205
15.82,197.91,120.43,1.9262,15.00,2.00,-0.1484
15.84,197.81,120.72,1.9186,15.00,0.00,-0.3796
15.86,197.71,121.00,1.9071,15.00,0.00,-0.5785
15.88,197.61,121.28,1.8921,15.00,0.00,-0.7495
15.90,197.53,121.57,1.8741,15.00,0.00,-0.8966
15.92,197.44,121.86,1.8537,15.00,0.00,-1.0230
15.94,197.36,122.15,1.8311,15.00,0.00,-1.1318
15.96,197.29,122.44,1.8065,15.00,0.00,-1.2254
15.98,197.23,122.73,1.7804,14.95,-2.50,-1.3058
16.00,197.18,123.03,1.7580,14.90,-2.50,-1.1230
16.02,197.13,123.32,1.7387,14.85,-2.50,-0.9658
16.04,197.08,123.61,1.7220,14.80,-2.50,-0.8306
16.06,197.04,123.90,1.7078,14.75,-2.50,-0.7143
16.08,197.01,124.19,1.6955,14.70,-2.50,-0.6143
16.10,196.97,124.49,1.6849,14.65,-2.50,-0.5283
16.12,196.94,124.78,1.6758,14.60,-2.50,-0.4543
16.14,196.91,125.07,1.6680,14.55,-2.50,-0.3907
16.16,196.89,125.35,1.6613,14.50,-2.50,-0.3360
16.18,196.86,125.64,1.6555,14.45,-2.50,-0.2890
16.20,196.84,125.93,1.6505,14.40,-2.50,-0.2485
16.22,196.82,126.22,1.6463,14.35,-2.50,-0.2137
16.24,196.80,126.50,1.6375,14.30,-2.50,-0.4358
16.26,196.78,126.79,1.6250,14.25,-2.50,-0.6268
16.28,196.77,127.07,1.6092,14.20,-2.50,-0.7910
16.30,196.77,127.35,1.5905,14.15,-2.50,-0.9323
16.32,196.77,127.63,1.5695,14.10,-2.50,-1.0538
16.34,196.77,127.92,1.5463,14.05,-2.50,-1.1582
16.36,196.79,128.20,1.5213,14.00,-2.50,-1.2481
16.38,196.81,128.47,1.4948,13.95,-2.50,-1.3254
16.40,196.84,128.75,1.4720,13.90,-2.50,-1.1398
16.42,196.87,129.03,1.4524,13.85,-2.50,-0.9802
16.44,196.91,129.30,1.4356,13.80,-2.50,-0.8430
16.46,196.95,129.57,1.4211,13.75,-2.50,-0.7250
16.48,196.99,129.84,1.4086,13.70,-2.50,-0.6235
16.50,197.04,130.11,1.3979,13.65,-2.50,-0.5362
16.52,197.09,130.38,1.3887,13.60,-2.50,-0.4611
16.54,197.14,130.64,1.3807,13.55,-2.50,-0.3966
16.56,197.19,130.91,1.3739,13.50,-2.50,-0.3411
16.58,197.25,131.17,1.3680,13.45,-2.50,-0.2933
16.60,197.30,131.43,1.3630,13.40,-2.50,-0.2522
16.62,197.36,131.69,1.3587,13.35,-2.50,-0.2169
16.64,197.41,131.96,1.3600,13.30,-2.50,0.0654
16.66,197.47,132.21,1.3661,13.25,-2.50,0.3083
16.68,197.52,132.47,1.3765,13.20,-2.50,0.5171
16.70,197.57,132.73,1.3904,13.15,-2.50,0.6967
16.72,197.61,132.99,1.4074,13.10,-2.50,0.8512
16.74,197.65,133.25,1.4271,13.05,-2.50,0.9840
16.76,197.68,133.51,1.4491,13.00,-2.50,1.0983
16.78,197.70,133.76,1.4680,12.95,-2.50,0.9445
16.80,197.73,134.02,1.4842,12.90,-2.50,0.8123
16.82,197.74,134.28,1.4982,12.85,-2.50,0.6986
16.84,197.76,134.53,1.5102,12.80,-2.50,0.6008
16.86,197.77,134.79,1.5205,12.75,-2.50,0.5166
16.88,197.78,135.04,1.5294,12.70,-2.50,0.4443
16.90,197.79,135.29,1.5371,12.65,-2.50,0.3821
16.92,197.80,135.55,1.5436,12.60,-2.50,0.3286
16.94,197.80,135.80,1.5493,12.55,-2.50,0.2826
16.96,197.81,136.05,1.5541,12.50,-2.50,0.2430
16.98,197.81,136.30,1.5583,12.45,-2.50,0.2090
17.00,197.81,136.54,1.5619,12.40,-2.50,0.1798
17.02,197.82,136.79,1.5650,12.35,-2.50,0.1546
17.04,197.82,137.04,1.5677,12.30,-2.50,0.1329
17.06,197.82,137.28,1.5700,12.25,-2.50,0.1143
17.08,197.82,137.53,1.5719,12.20,-2.50,0.0983
17.10,197.82,137.77,1.5736,12.15,-2.50,0.0846
17.12,197.81,138.01,1.5751,12.10,-2.50,0.0727
17.14,197.81,138.25,1.5763,12.05,-2.50,0.0625
17.16,197.81,138.49,1.5774,12.00,-2.50,0.0538
17.18,197.81,138.73,1.5783,11.95,-2.50,0.0463
17.20,197.81,138.97,1.5791,11.90,-2.50,0.0398
17.22,197.81,139.21,1.5798,11.85,-2.50,0.0342
17.24,197.80,139.44,1.5804,11.80,-2.50,0.0294
17.26,197.80,139.68,1.5809,11.75,-2.50,0.0253
17.28,197.80,139.91,1.5813,11.70,-2.50,0.0218
17.30,197.80,140.14,1.5817,11.65,-2.50,0.0187
17.32,197.79,140.38,1.5820,11.60,-2.50,0.0161
17.34,197.79,140.61,1.5823,11.55,-2.50,0.0138
17.36,197.79,140.84,1.5825,11.50,-2.50,0.0119
17.38,197.79,141.07,1.5827,11.45,-2.50,0.0102
17.40,197.78,141.29,1.5829,11.40,-2.50,0.0088
17.42,197.78,141.52,1.5831,11.35,-2.50,0.0076
17.44,197.78,141.75,1.5832,11.30,-2.50,0.0065
17.46,197.77,141.97,1.5833,11.25,-2.50,0.0056
17.48,197.77,142.20,1.5834,11.20,-2.50,0.0048
17.50,197.77,142.42,1.5835,11.15,-2.50,0.0041
17.52,197.77,142.64,1.5836,11.10,-2.50,0.0036
17.54,197.76,142.86,1.5836,11.05,-2.50,0.0031
17.56,197.76,143.08,1.5837,11.00,-2.50,0.0026
17.58,197.76,143.30,1.5837,10.95,-2.50,0.0023
17.60,197.75,143.52,1.5838,10.90,-2.50,0.0019
17.62,197.75,143.74,1.5838,10.85,-2.50,0.0017
17.64,197.75,143.95,1.5838,10.80,-2.50,0.0014
17.66,197.75,144.17,1.5838,10.75,-2.50,0.0012
17.68,197.74,144.38,1.5839,10.70,-2.50,0.0011
17.70,197.74,144.59,1.5839,10.65,-2.50,0.0009
17.72,197.74,144.81,1.5839,10.60,-2.50,0.0008
17.74,197.73,145.02,1.5839,10.55,-2.50,0.0007
17.76,197.73,145.23,1.5839,10.50,-2.50,0.0006
17.78,197.73,145.44,1.5839,10.45,-2.50,0.0005
17.80,197.73,145.64,1.5839,10.40,-2.50,0.0004
17.82,197.72,145.85,1.5840,10.35,-2.50,0.0004
17.84,197.72,146.06,1.5840,10.30,-2.50,0.0003
17.86,197.72,146.26,1.5840,10.25,-2.50,0.0003
17.88,197.72,146.47,1.5840,10.20,-2.50,0.0002
17.90,197.71,146.67,1.5840,10.15,-2.50,0.0002
17.92,197.71,146.87,1.5840,10.10,-2.50,0.0002
17.94,197.71,147.07,1.5840,10.05,-2.50,0.0002
17.96,197.70,147.27,1.5840,10.00,-2.50,0.0001
17.98,197.70,147.47,1.5840,9.95,-2.50,0.0001
18.00,197.70,147.67,1.5840,9.90,-2.50,0.0001
18.02,197.70,147.87,1.5840,9.85,-2.50,0.0001
18.04,197.69,148.06,1.5840,9.80,-2.50,0.0001
18.06,197.69,148.26,1.5840,9.75,-2.50,0.0001
18.08,197.69,148.45,1.5840,9.70,-2.50,0.0001
18.10,197.69,148.64,1.5840,9.65,-2.50,0.0000
18.12,197.68,148.84,1.5840,9.60,-2.50,0.0000
18.14,197.68,149.03,1.5840,9.55,-2.50,0.0000
18.16,197.68,149.22,1.5840,9.50,-2.50,0.0000
18.18,197.68,149.41,1.5840,9.45,-2.50,0.0000
18.20,197.67,149.59,1.5840,9.40,-2.50,0.0000
18.22,197.67,149.78,1.5840,9.35,-2.50,0.0000
18.24,197.67,149.97,1.5840,9.30,-2.50,0.0000
18.26,197.67,150.15,1.5840,9.25,-2.50,0.0000
18.28,197.66,150.34,1.5840,9.20,-2.50,0.0000
18.30,197.66,150.52,1.5840,9.15,-2.50,0.0000
18.32,197.66,150.70,1.5840,9.10,-2.50,0.0000
18.34,197.66,150.88,1.5840,9.05,-2.50,0.0000
18.36,197.65,151.06,1.5840,9.00,-2.50,0.0000
18.38,197.65,151.24,1.5840,8.95,-2.50,0.0000
18.40,197.65,151.42,1.5840,8.90,-2.50,0.0000
18.42,197.65,151.60,1.5840,8.85,-2.50,0.0000
18.44,197.65,151.77,1.5840,8.80,-2.50,0.0000
18.46,197.64,151.95,1.5840,8.75,-2.50,0.0000
18.48,197.64,152.12,1.5840,8.70,-2.50,0.0000
18.50,197.64,152.29,1.5840,8.65,-2.50,0.0000
18.52,197.64,152.47,1.5840,8.60,-2.50,0.0000
18.54,197.63,152.64,1.5840,8.55,-2.50,0.0000
18.56,197.63,152.81,1.5840,8.50,-2.50,0.0000
18.58,197.63,152.98,1.5840,8.45,-2.50,0.0000
18.60,197.63,153.14,1.5840,8.40,-2.50,0.0000
18.62,197.63,153.31,1.5840,8.35,-2.50,0.0000
18.64,197.62,153.48,1.5840,8.30,-2.50,0.0000
18.66,197.62,153.64,1.5840,8.25,-2.50,0.0000
18.68,197.62,153.81,1.5840,8.20,-2.50,0.0000
18.70,197.62,153.97,1.5840,8.15,-2.50,0.0000
18.72,197.61,154.13,1.5840,8.10,-2.50,0.0000
18.74,197.61,154.29,1.5840,8.05,-2.50,0.0000
18.76,197.61,154.45,1.5840,8.00,-2.50,0.0000
18.78,197.61,154.61,1.5840,7.95,-2.50,0.0000
18.80,197.61,154.77,1.5840,7.90,-2.50,0.0000
18.82,197.60,154.93,1.5840,7.85,-2.50,0.0000
18.84,197.60,155.08,1.5840,7.80,-2.50,0.0000
18.86,197.60,155.24,1.5840,7.75,-2.50,0.0000
18.88,197.60,155.39,1.5840,7.70,-2.50,0.0000
18.90,197.60,155.54,1.5840,7.65,-2.50,0.0000
18.92,197.59,155.70,1.5840,7.60,-2.50,0.0000
18.94,197.59,155.85,1.5840,7.55,-2.50,0.0000
18.96,197.59,156.00,1.5840,7.50,-2.50,0.0000
18.98,197.59,156.15,1.5840,7.45,-2.50,0.0000
19.00,197.59,156.29,1.5840,7.40,-2.50,0.0000
19.02,197.58,156.44,1.5840,7.35,-2.50,0.0000
19.04,197.58,156.59,1.5840,7.30,-2.50,0.0000
19.06,197.58,156.73,1.5840,7.25,-2.50,0.0000
19.08,197.58,156.88,1.5840,7.20,-2.50,0.0000
19.10,197.58,157.02,1.5840,7.15,-2.50,0.0000
19.12,197.57,157.16,1.5840,7.10,-2.50,0.0000
19.14,197.57,157.30,1.5840,7.05,-2.50,0.0000
19.16,197.57,157.44,1.5840,7.00,-2.50,0.0000
19.18,197.57,157.58,1.5840,6.95,-2.50,0.0000
19.20,197.57,157.72,1.5840,6.90,-2.50,0.0000
19.22,197.57,157.86,1.5840,6.85,-2.50,0.0000
19.24,197.56,157.99,1.5840,6.80,-2.50,0.0000
19.26,197.56,158.13,1.5840,6.75,-2.50,0.0000
19.28,197.56,158.26,1.5840,6.70,-2.50,0.0000
19.30,197.56,158.39,1.5840,6.65,-2.50,0.0000
19.32,197.56,158.53,1.5840,6.60,-2.50,0.0000
19.34,197.55,158.66,1.5840,6.55,-2.50,0.0000
19.36,197.55,158.79,1.5840,6.50,-2.50,0.0000
19.38,197.55,158.92,1.5840,6.45,-2.50,0.0000
19.40,197.55,159.04,1.5840,6.40,-2.50,0.0000
19.42,197.55,159.17,1.5840,6.35,-2.50,0.0000
19.44,197.55,159.30,1.5840,6.30,-2.50,0.0000
19.46,197.54,159.42,1.5840,6.25,-2.50,0.0000
19.48,197.54,159.55,1.5840,6.20,-2.50,0.0000
19.50,197.54,159.67,1.5840,6.15,-2.50,0.0000
19.52,197.54,159.79,1.5840,6.10,-2.50,0.0000
19.54,197.54,159.91,1.5840,6.05,-2.50,0.0000
19.56,197.54,160.03,1.5840,6.00,-2.50,0.0000
19.58,197.53,160.15,1.5840,5.95,-2.50,0.0000
19.60,197.53,160.27,1.5840,5.90,-2.50,0.0000
19.62,197.53,160.38,1.5840,5.85,-2.50,0.0000
19.64,197.53,160.50,1.5840,5.80,-2.50,0.0000
19.66,197.53,160.62,1.5840,5.75,-2.50,0.0000
19.68,197.53,160.73,1.5840,5.70,-2.50,0.0000
19.70,197.53,160.84,1.5840,5.65,-2.50,0.0000
19.72,197.52,160.95,1.5840,5.60,-2.50,0.0000
19.74,197.52,161.07,1.5840,5.55,-2.50,0.0000
19.76,197.52,161.18,1.5840,5.50,-2.50,0.0000
19.78,197.52,161.28,1.5840,5.45,-2.50,0.0000
19.80,197.52,161.39,1.5840,5.40,-2.50,0.0000
19.82,197.52,161.50,1.5840,5.35,-2.50,0.0000
19.84,197.52,161.61,1.5840,5.30,-2.50,0.0000
19.86,197.51,161.71,1.5840,5.25,-2.50,0.0000
19.88,197.51,161.82,1.5840,5.37,6.00,0.0000
19.90,197.51,161.93,1.5840,5.49,6.00,0.0000
19.92,197.51,162.04,1.5840,5.61,6.00,0.0000
19.94,197.51,162.15,1.5840,5.73,6.00,0.0000
19.96,197.51,162.27,1.5840,5.85,6.00,0.0000
19.98,197.51,162.39,1.5840,5.97,6.00,0.0000
20.00,197.50,162.51,1.5840,6.09,6.00,0.0000
20.02,197.50,162.64,1.5840,6.21,6.00,0.0000
20.04,197.50,162.76,1.5840,6.33,6.00,0.0000
20.06,197.50,162.89,1.5840,6.45,6.00,0.0000
20.08,197.50,163.02,1.5790,6.57,6.00,-0.2520
20.10,197.50,163.16,1.5696,6.69,6.00,-0.4687
20.12,197.50,163.29,1.5565,6.81,6.00,-0.6551
20.14,197.50,163.43,1.5402,6.93,6.00,-0.8154
20.16,197.51,163.57,1.5211,7.05,6.00,-0.9532
20.18,197.52,163.72,1.4997,7.17,6.00,-1.0718
20.20,197.53,163.86,1.4762,7.29,6.00,-1.1737
20.22,197.55,164.01,1.4560,7.41,6.00,-1.0094
20.24,197.57,164.16,1.4387,7.53,6.00,-0.8681
20.26,197.59,164.31,1.4237,7.65,6.00,-0.7466
20.28,197.62,164.46,1.4109,7.77,6.00,-0.6420
20.30,197.65,164.62,1.3998,7.89,6.00,-0.5522
20.32,197.67,164.78,1.3903,8.01,6.00,-0.4749
20.34,197.70,164.94,1.3822,8.13,6.00,-0.4084
20.36,197.74,165.10,1.3751,8.25,6.00,-0.3512
20.38,197.77,165.26,1.3691,8.37,6.00,-0.3020
20.40,197.81,165.43,1.3639,8.49,6.00,-0.2597
20.42,197.84,165.60,1.3594,8.61,6.00,-0.2234
20.44,197.88,165.77,1.3556,8.73,6.00,-0.1921
20.46,197.92,165.94,1.3573,8.85,6.00,0.0868
20.48,197.95,166.12,1.3639,8.97,6.00,0.3266
20.50,197.99,166.29,1.3745,9.09,6.00,0.5329
20.52,198.02,166.47,1.3887,9.21,6.00,0.7103
20.54,198.05,166.66,1.4060,9.33,6.00,0.8629
20.56,198.08,166.85,1.4259,9.45,6.00,0.9941
20.58,198.10,167.04,1.4430,9.57,6.00,0.8549
20.60,198.13,167.23,1.4577,9.69,6.00,0.7352
20.62,198.15,167.42,1.4703,9.81,6.00,0.6323
20.64,198.16,167.62,1.4812,9.93,6.00,0.5438
20.66,198.18,167.82,1.4905,10.05,6.00,0.4676
20.68,198.19,168.02,1.4986,10.17,6.00,0.4022
20.70,198.21,168.23,1.5055,10.29,6.00,0.3459
20.72,198.22,168.44,1.5115,10.41,6.00,0.2974
20.74,198.23,168.65,1.5166,10.53,6.00,0.2558
20.76,198.24,168.86,1.5210,10.65,6.00,0.2200
20.78,198.25,169.08,1.5248,10.77,6.00,0.1892
20.80,198.26,169.29,1.5280,10.89,6.00,0.1627
20.82,198.27,169.51,1.5308,11.01,6.00,0.1399
20.84,198.28,169.74,1.5332,11.13,6.00,0.1203
20.86,198.29,169.96,1.5353,11.25,6.00,0.1035
20.88,198.29,170.19,1.5371,11.37,6.00,0.0890
20.90,198.30,170.42,1.5386,11.49,6.00,0.0765
20.92,198.31,170.65,1.5399,11.61,6.00,0.0658
20.94,198.32,170.88,1.5410,11.73,6.00,0.0566
20.96,198.32,171.12,1.5420,11.85,6.00,0.0487
20.98,198.33,171.36,1.5429,11.97,6.00,0.0419
21.00,198.34,171.60,1.5436,12.09,6.00,0.0360
21.02,198.34,171.85,1.5442,12.21,6.00,0.0310
21.04,198.35,172.09,1.5447,12.33,6.00,0.0266
21.06,198.36,172.34,1.5452,12.45,6.00,0.0229
21.08,198.36,172.59,1.5456,12.57,6.00,0.0197
21.10,198.37,172.85,1.5459,12.69,6.00,0.0169
21.12,198.37,173.10,1.5462,12.81,6.00,0.0146
21.14,198.38,173.36,1.5465,12.93,6.00,0.0125
21.16,198.39,173.62,1.5467,13.05,6.00,0.0108
21.18,198.39,173.89,1.5469,13.17,6.00,0.0093
21.20,198.40,174.15,1.5470,13.29,6.00,0.0080
21.22,198.41,174.42,1.5472,13.41,6.00,0.0069
21.24,198.41,174.69,1.5473,13.53,6.00,0.0059
21.26,198.42,174.96,1.5474,13.65,6.00,0.0051
21.28,198.42,175.24,1.5475,13.77,6.00,0.0044
21.30,198.43,175.52,1.5475,13.89,6.00,0.0037
21.32,198.44,175.80,1.5476,14.01,6.00,0.0032
21.34,198.44,176.08,1.5477,14.13,6.00,0.0028
21.36,198.45,176.36,1.5477,14.25,6.00,0.0024
21.38,198.46,176.65,1.5477,14.37,6.00,0.0021
21.40,198.46,176.94,1.5478,14.49,6.00,0.0018
21.42,198.47,177.23,1.5478,14.61,6.00,0.0015
21.44,198.48,177.53,1.5478,14.73,6.00,0.0013
21.46,198.48,177.82,1.5479,14.85,6.00,0.0011
21.48,198.49,178.12,1.5479,14.97,6.00,0.0010
21.50,198.50,178.42,1.5479,15.00,1.50,0.0008
21.52,198.51,178.72,1.5479,15.00,0.00,0.0007
21.54,198.51,179.02,1.5479,14.95,-2.50,0.0006
21.56,198.52,179.32,1.5479,14.90,-2.50,0.0005
21.58,198.53,179.62,1.5479,14.85,-2.50,0.0005
21.60,198.53,179.91,1.5480,14.80,-2.50,0.0004
21.62,198.54,180.21,1.5480,14.75,-2.50,0.0003
21.64,198.55,180.50,1.5480,14.70,-2.50,0.0003
21.66,198.55,180.79,1.5480,14.65,-2.50,0.0002
21.68,198.56,181.09,1.5480,14.60,-2.50,0.0002
21.70,198.57,181.38,1.5480,14.55,-2.50,0.0002
21.72,198.57,181.67,1.5480,14.50,-2.50,0.0002
21.74,198.58,181.96,1.5480,14.45,-2.50,0.0001
21.76,198.59,182.24,1.5480,14.40,-2.50,0.0001
21.78,198.59,182.53,1.5480,14.35,-2.50,0.0001
21.80,198.60,182.82,1.5480,14.30,-2.50,0.0001
21.82,198.61,183.10,1.5480,14.25,-2.50,0.0001
21.84,198.61,183.39,1.5480,14.20,-2.50,0.0001
21.86,198.62,183.67,1.5480,14.15,-2.50,0.0001
21.88,198.62,183.95,1.5480,14.10,-2.50,0.0000
21.90,198.63,184.23,1.5480,14.05,-2.50,0.0000
21.92,198.64,184.51,1.5480,14.00,-2.50,0.0000
21.94,198.64,184.79,1.5480,13.95,-2.50,0.0000
21.96,198.65,185.07,1.5480,13.90,-2.50,0.0000
21.98,198.66,185.35,1.5480,13.85,-2.50,0.0000
22.00,198.66,185.62,1.5480,13.80,-2.50,0.0000
22.02,198.67,185.90,1.5480,13.75,-2.50,0.0000
22.04,198.67,186.17,1.5480,13.70,-2.50,0.0000
22.06,198.68,186.44,1.5480,13.65,-2.50,0.0000
22.08,198.69,186.72,1.5480,13.60,-2.50,0.0000
22.10,198.69,186.99,1.5480,13.55,-2.50,0.0000
22.12,198.70,187.26,1.5480,13.50,-2.50,0.0000
22.14,198.71,187.53,1.5480,13.45,-2.50,0.0000
22.16,198.71,187.79,1.5480,13.40,-2.50,0.0000
22.18,198.72,188.06,1.5480,13.35,-2.50,0.0000
22.20,198.72,188.33,1.5480,13.30,-2.50,0.0000
22.22,198.73,188.59,1.5530,13.25,-2.50,0.2520
22.24,198.73,188.85,1.5624,13.20,-2.50,0.4687
22.26,198.73,189.12,1.5755,13.15,-2.50,0.6551
22.28,198.72,189.38,1.5918,13.10,-2.50,0.8154
22.30,198.71,189.64,1.6109,13.05,-2.50,0.9532
22.32,198.70,189.90,1.6323,13.00,-2.50,1.0718
22.34,198.68,190.16,1.6558,12.95,-2.50,1.1737
22.36,198.65,190.41,1.6810,12.90,-2.50,1.2614
22.38,198.61,190.67,1.7078,12.85,-2.50,1.3368
22.40,198.57,190.92,1.7358,12.80,-2.50,1.4017
22.42,198.52,191.17,1.7649,12.75,-2.50,1.4574
22.44,198.46,191.42,1.7951,12.70,-2.50,1.5054
22.46,198.40,191.66,1.8260,12.65,-2.50,1.5466
22.48,198.33,191.91,1.8576,12.60,-2.50,1.5821
22.50,198.25,192.14,1.8899,12.55,-2.50,1.6126
22.52,198.16,192.38,1.9227,12.50,-2.50,1.6388
22.54,198.07,192.61,1.9559,12.45,-2.50,1.6614
22.56,197.97,192.84,1.9895,12.40,-2.50,1.6808
22.58,197.86,193.06,2.0235,12.35,-2.50,1.6975
22.60,197.75,193.28,2.0577,12.30,-2.50,1.7118
22.62,197.63,193.49,2.0922,12.25,-2.50,1.7242
22.64,197.50,193.70,2.1269,12.20,-2.50,1.7348
22.66,197.36,193.90,2.1617,12.15,-2.50,1.7439
22.68,197.22,194.09,2.1968,12.10,-2.50,1.7518
22.70,197.07,194.28,2.2320,12.05,-2.50,1.7585
22.72,196.92,194.47,2.2672,12.00,-2.50,1.7643
22.74,196.76,194.65,2.3026,11.95,-2.50,1.7693
22.76,196.59,194.82,2.3381,11.90,-2.50,1.7736
22.78,196.42,194.98,2.3736,11.85,-2.50,1.7773
22.80,196.25,195.14,2.4093,11.80,-2.50,1.7805
22.82,196.07,195.29,2.4449,11.75,-2.50,1.7832
22.84,195.88,195.43,2.4806,11.70,-2.50,1.7856
22.86,195.69,195.57,2.5164,11.65,-2.50,1.7876
22.88,195.50,195.70,2.5522,11.60,-2.50,1.7893
22.90,195.30,195.82,2.5880,11.55,-2.50,1.7908
22.92,195.10,195.93,2.6238,11.50,-2.50,1.7921
22.94,194.90,196.04,2.6597,11.45,-2.50,1.7932
22.96,194.69,196.14,2.6956,11.40,-2.50,1.7942
22.98,194.49,196.23,2.7315,11.35,-2.50,1.7950
23.00,194.28,196.31,2.7674,11.30,-2.50,1.7957
23.02,194.06,196.39,2.8033,11.25,-2.50,1.7963
23.04,193.85,196.45,2.8392,11.20,-2.50,1.7968
23.06,193.63,196.51,2.8752,11.15,-2.50,1.7973
23.08,193.42,196.56,2.9111,11.10,-2.50,1.7976
23.10,193.20,196.61,2.9471,11.05,-2.50,1.7980
23.12,192.98,196.64,2.9831,11.00,-2.50,1.7983
23.14,192.77,196.67,3.0190,10.95,-2.50,1.7985
23.16,192.55,196.69,3.0550,10.90,-2.50,1.7987
23.18,192.33,196.70,3.0910,10.85,-2.50,1.7989
23.20,192.12,196.70,3.1270,10.80,-2.50,1.7990
23.22,191.90,196.70,-3.1202,10.75,-2.50,1.7992
23.24,191.69,196.68,-3.0842,10.70,-2.50,1.7993
23.26,191.48,196.66,-3.0483,10.65,-2.50,1.7994
23.28,191.27,196.64,-3.0123,10.60,-2.50,1.7995
23.30,191.06,196.60,-2.9763,10.55,-2.50,1.7996
23.32,190.85,196.56,-2.9403,10.50,-2.50,1.7996
23.34,190.65,196.51,-2.9043,10.45,-2.50,1.7997
23.36,190.45,196.45,-2.8683,10.40,-2.50,1.7997
23.38,190.25,196.39,-2.8323,10.35,-2.50,1.7998
23.40,190.06,196.32,-2.7963,10.30,-2.50,1.7998
23.42,189.87,196.25,-2.7603,10.25,-2.50,1.7998
23.44,189.68,196.16,-2.7243,10.20,-2.50,1.7998
23.46,189.50,196.07,-2.6883,10.15,-2.50,1.7999
23.48,189.32,195.98,-2.6523,10.10,-2.50,1.7999
23.50,189.15,195.88,-2.6163,10.05,-2.50,1.7999
23.52,188.98,195.77,-2.5803,10.00,-2.50,1.7999
23.54,188.81,195.66,-2.5443,9.95,-2.50,1.7999
23.56,188.65,195.54,-2.5083,9.90,-2.50,1.7999
23.58,188.50,195.42,-2.4723,9.85,-2.50,1.7999
23.60,188.35,195.29,-2.4363,9.80,-2.50,1.8000
23.62,188.21,195.16,-2.4003,9.75,-2.50,1.8000
23.64,188.07,195.03,-2.3694,9.70,-2.50,1.5480
23.66,187.93,194.89,-2.3427,9.65,-2.50,1.3313
23.68,187.80,194.75,-2.3198,9.60,-2.50,1.1449
23.70,187.67,194.60,-2.3001,9.55,-2.50,0.9846
23.72,187.55,194.46,-2.2832,9.50,-2.50,0.8467
23.74,187.43,194.32,-2.2687,9.45,-2.50,0.7282
23.76,187.31,194.17,-2.2561,9.40,-2.50,0.6263
23.78,187.19,194.02,-2.2454,9.35,-2.50,0.5386
23.80,187.08,193.88,-2.2361,9.30,-2.50,0.4632
23.82,186.96,193.73,-2.2281,9.25,-2.50,0.3983
23.84,186.85,193.59,-2.2213,9.20,-2.50,0.3426
23.86,186.74,193.44,-2.2154,9.15,-2.50,0.2946
23.88,186.63,193.29,-2.2103,9.10,-2.50,0.2534
23.90,186.53,193.15,-2.2060,9.05,-2.50,0.2179
23.92,186.42,193.00,-2.2022,9.00,-2.50,0.1874
23.94,186.32,192.86,-2.1990,8.95,-2.50,0.1612
23.96,186.21,192.71,-2.1962,8.90,-2.50,0.1386
23.98,186.11,192.57,-2.1938,8.85,-2.50,0.1192
24.00,186.00,192.42,-2.1918,8.97,6.00,0.1025
24.02,185.90,192.28,-2.1900,9.09,6.00,0.0882
24.04,185.79,192.12,-2.1885,9.21,6.00,0.0758
24.06,185.68,191.97,-2.1872,9.33,6.00,0.0652
24.08,185.57,191.82,-2.1861,9.45,6.00,0.0561
24.10,185.46,191.66,-2.1851,9.57,6.00,0.0482
24.12,185.35,191.50,-2.1843,9.69,6.00,0.0415
24.14,185.24,191.34,-2.1836,9.81,6.00,0.0357
24.16,185.13,191.18,-2.1830,9.93,6.00,0.0307
24.18,185.01,191.02,-2.1824,10.05,6.00,0.0264
24.20,184.89,190.85,-2.1820,10.17,6.00,0.0227
24.22,184.78,190.68,-2.1816,10.29,6.00,0.0195
24.24,184.66,190.51,-2.1812,10.41,6.00,0.0168
24.26,184.54,190.34,-2.1810,10.53,6.00,0.0144
24.28,184.41,190.16,-2.1807,10.65,6.00,0.0124
24.30,184.29,189.99,-2.1805,10.77,6.00,0.0107
24.32,184.17,189.81,-2.1803,10.89,6.00,0.0092
24.34,184.04,189.63,-2.1802,11.01,6.00,0.0079
24.36,183.91,189.44,-2.1800,11.13,6.00,0.0068
24.38,183.78,189.26,-2.1799,11.25,6.00,0.0058
24.40,183.65,189.07,-2.1798,11.37,6.00,0.0050
24.42,183.52,188.88,-2.1797,11.49,6.00,0.0043
24.44,183.39,188.69,-2.1796,11.61,6.00,0.0037
24.46,183.26,188.50,-2.1796,11.73,6.00,0.0032
24.48,183.12,188.31,-2.1795,11.85,6.00,0.0027
24.50,182.98,188.11,-2.1795,11.97,6.00,0.0024
24.52,182.84,187.91,-2.1794,12.09,6.00,0.0020
24.54,182.70,187.71,-2.1794,12.21,6.00,0.0017
24.56,182.56,187.51,-2.1794,12.33,6.00,0.0015
24.58,182.42,187.31,-2.1793,12.45,6.00,0.0013
24.60,182.28,187.10,-2.1793,12.57,6.00,0.0011
24.62,182.13,186.89,-2.1793,12.69,6.00,0.0010
24.64,181.99,186.68,-2.1793,12.81,6.00,0.0008
24.66,181.84,186.47,-2.1793,12.93,6.00,0.0007
24.68,181.69,186.25,-2.1793,13.05,6.00,0.0006
24.70,181.54,186.04,-2.1792,13.17,6.00,0.0005
24.72,181.39,185.82,-2.1792,13.29,6.00,0.0004
24.74,181.23,185.60,-2.1792,13.41,6.00,0.0004
24.76,181.08,185.38,-2.1792,13.53,6.00,0.0003
24.78,180.92,185.15,-2.1792,13.65,6.00,0.0003
24.80,180.77,184.93,-2.1792,13.77,6.00,0.0002
24.82,180.61,184.70,-2.1792,13.89,6.00,0.0002
24.84,180.45,184.47,-2.1792,14.01,6.00,0.0002
24.86,180.28,184.24,-2.1792,14.13,6.00,0.0002
24.88,180.12,184.00,-2.1792,14.25,6.00,0.0001
24.90,179.96,183.77,-2.1792,14.37,6.00,0.0001
24.92,179.79,183.53,-2.1792,14.49,6.00,0.0001
24.94,179.63,183.29,-2.1792,14.61,6.00,0.0001
24.96,179.46,183.05,-2.1792,14.73,6.00,0.0001
24.98,179.29,182.81,-2.1792,14.85,6.00,0.0001
25.00,179.12,182.56,-2.1792,14.97,6.00,0.0001
25.02,178.94,182.31,-2.1792,15.00,1.50,0.0000
25.04,178.77,182.07,-2.1792,15.00,0.00,0.0000
25.06,178.60,181.82,-2.1792,15.00,0.00,0.0000
25.08,178.43,181.58,-2.1792,15.00,0.00,0.0000
25.10,178.26,181.33,-2.1792,15.00,0.00,0.0000
25.12,178.09,181.08,-2.1792,15.00,0.00,0.0000
25.14,177.92,180.84,-2.1792,15.00,0.00,0.0000
25.16,177.74,180.59,-2.1792,15.00,0.00,0.0000
25.18,177.57,180.34,-2.1792,15.00,0.00,0.0000
25.20,177.40,180.10,-2.1792,15.00,0.00,0.0000
25.22,177.23,179.85,-2.1792,15.00,0.00,0.0000
25.24,177.06,179.61,-2.1792,15.00,0.00,0.0000
25.26,176.89,179.36,-2.1792,15.00,0.00,0.0000
25.28,176.72,179.11,-2.1792,15.00,0.00,0.0000
25.30,176.54,178.87,-2.1792,15.00,0.00,0.0000
25.32,176.37,178.62,-2.1842,15.00,0.00,-0.2520
25.34,176.20,178.38,-2.1936,15.00,0.00,-0.4687
25.36,176.02,178.14,-2.2067,15.00,0.00,-0.6551
25.38,175.84,177.90,-2.2230,15.00,0.00,-0.8154
25.40,175.65,177.66,-2.2421,15.00,0.00,-0.9532
25.42,175.46,177.43,-2.2585,15.00,0.00,-0.8198
25.44,175.27,177.20,-2.2726,15.00,0.00,-0.7050
25.46,175.07,176.98,-2.2847,15.00,0.00,-0.6063
25.48,174.87,176.75,-2.2951,15.00,0.00,-0.5214
25.50,174.67,176.53,-2.3041,15.00,0.00,-0.4484
25.52,174.47,176.31,-2.3118,15.00,0.00,-0.3856
25.54,174.26,176.09,-2.3184,15.00,0.00,-0.3317
25.56,174.06,175.87,-2.3241,15.00,0.00,-0.2852
25.58,173.85,175.65,-2.3290,15.00,0.00,-0.2453
25.60,173.64,175.43,-2.3333,15.00,0.00,-0.2110
25.62,173.44,175.22,-2.3369,15.00,0.00,-0.1814
25.64,173.23,175.00,-2.3400,15.00,0.00,-0.1560
25.66,173.02,174.79,-2.3427,15.00,0.00,-0.1342
25.68,172.81,174.57,-2.3450,15.00,0.00,-0.1154
25.70,172.60,174.36,-2.3470,15.00,0.00,-0.0992
25.72,172.39,174.14,-2.3487,15.00,0.00,-0.0853
25.74,172.18,173.93,-2.3502,15.00,0.00,-0.0734
25.76,171.97,173.72,-2.3514,15.00,0.00,-0.0631
25.78,171.75,173.51,-2.3525,15.00,0.00,-0.0543
25.80,171.54,173.29,-2.3534,15.00,0.00,-0.0467
25.82,171.33,173.08,-2.3543,15.00,0.00,-0.0401
25.84,171.12,172.87,-2.3549,15.00,0.00,-0.0345
25.86,170.91,172.66,-2.3555,15.00,0.00,-0.0297
25.88,170.70,172.44,-2.3560,15.00,0.00,-0.0255
25.90,170.48,172.23,-2.3565,15.00,0.00,-0.0220
25.92,170.27,172.02,-2.3569,15.00,0.00,-0.0189
25.94,170.06,171.81,-2.3572,15.00,0.00,-0.0162
25.96,169.85,171.60,-2.3575,15.00,0.00,-0.0140
25.98,169.63,171.38,-2.3627,15.00,0.00,-0.2640
26.00,169.42,171.18,-2.3723,15.00,0.00,-0.4791
26.02,169.20,170.97,-2.3856,15.00,0.00,-0.6640
26.04,168.98,170.77,-2.4021,15.00,0.00,-0.8230
26.06,168.75,170.57,-2.4213,15.00,0.00,-0.9598
26.08,168.52,170.38,-2.4378,15.00,0.00,-0.8254
26.10,168.29,170.19,-2.4520,15.00,0.00,-0.7099
26.12,168.06,170.00,-2.4642,15.00,0.00,-0.6105
26.14,167.82,169.81,-2.4747,15.00,0.00,-0.5250
26.16,167.58,169.63,-2.4837,15.00,0.00,-0.4515
26.18,167.35,169.45,-2.4915,15.00,0.00,-0.3883
26.20,167.11,169.27,-2.4982,15.00,0.00,-0.3339
26.22,166.86,169.09,-2.5039,15.00,0.00,-0.2872
26.24,166.62,168.91,-2.5088,15.00,0.00,-0.2470
26.26,166.38,168.73,-2.5131,15.00,0.00,-0.2124
26.28,166.14,168.56,-2.5167,15.00,0.00,-0.1827
26.30,165.89,168.38,-2.5199,15.00,0.00,-0.1571
26.32,165.65,168.21,-2.5226,15.00,0.00,-0.1351
26.34,165.40,168.04,-2.5249,15.00,0.00,-0.1162
26.36,165.16,167.86,-2.5269,15.00,0.00,-0.0999
26.38,164.91,167.69,-2.5286,15.00,0.00,-0.0859
26.40,164.67,167.52,-2.5301,15.00,0.00,-0.0739
26.42,164.42,167.35,-2.5314,15.00,0.00,-0.0636
26.44,164.18,167.18,-2.5325,15.00,0.00,-0.0547
26.46,163.93,167.00,-2.5334,15.00,0.00,-0.0470
26.48,163.68,166.83,-2.5342,15.00,0.00,-0.0404
26.50,163.44,166.66,-2.5349,15.00,0.00,-0.0348
26.52,163.19,166.49,-2.5355,15.00,0.00,-0.0299
26.54,162.94,166.32,-2.5360,15.00,0.00,-0.0257
26.56,162.70,166.15,-2.5365,15.00,0.00,-0.0221
26.58,162.45,165.98,-2.5368,15.00,0.00,-0.0190
26.60,162.20,165.81,-2.5372,15.00,0.00,-0.0164
26.62,161.96,165.64,-2.5375,15.00,0.00,-0.0141
26.64,161.71,165.47,-2.5377,15.00,0.00,-0.0121
26.66,161.46,165.30,-2.5379,15.00,0.00,-0.0104
26.68,161.22,165.13,-2.5381,15.00,0.00,-0.0089
26.70,160.97,164.96,-2.5382,15.00,0.00,-0.0077
26.72,160.72,164.79,-2.5384,15.00,0.00,-0.0066
26.74,160.47,164.62,-2.5385,15.00,0.00,-0.0057
26.76,160.23,164.45,-2.5386,15.00,0.00,-0.0049
26.78,159.98,164.28,-2.5387,15.00,0.00,-0.0042
26.80,159.73,164.11,-2.5387,15.00,0.00,-0.0036
26.82,159.49,163.94,-2.5388,15.00,0.00,-0.0031
26.84,159.24,163.77,-2.5389,15.00,0.00,-0.0027
26.86,158.99,163.60,-2.5389,15.00,0.00,-0.0023
26.88,158.74,163.43,-2.5389,15.00,0.00,-0.0020
26.90,158.50,163.26,-2.5390,15.00,0.00,-0.0017
26.92,158.25,163.09,-2.5390,15.00,0.00,-0.0015
26.94,158.00,162.92,-2.5390,15.00,0.00,-0.0013
26.96,157.76,162.75,-2.5391,15.00,0.00,-0.0011
26.98,157.51,162.58,-2.5391,15.00,0.00,-0.0009
27.00,157.26,162.41,-2.5391,15.00,0.00,-0.0008
27.02,157.01,162.23,-2.5341,15.00,0.00,0.2513
27.04,156.77,162.06,-2.5247,15.00,0.00,0.4681
27.06,156.53,161.88,-2.5116,15.00,0.00,0.6546
27.08,156.29,161.70,-2.4953,15.00,0.00,0.8149
27.10,156.05,161.52,-2.4763,15.00,0.00,0.9529
27.12,155.82,161.33,-2.4548,15.00,0.00,1.0715
27.14,155.59,161.13,-2.4314,15.00,0.00,1.1735
27.16,155.37,160.93,-2.4061,15.00,0.00,1.2612
27.18,155.15,160.72,-2.3794,15.00,0.00,1.3366
27.20,154.94,160.51,-2.3514,15.00,0.00,1.4015
27.22,154.74,160.29,-2.3222,15.00,0.00,1.4573
27.24,154.54,160.07,-2.2921,15.00,0.00,1.5053
27.26,154.35,159.83,-2.2612,15.00,0.00,1.5465
27.28,154.16,159.60,-2.2295,15.00,0.00,1.5820
27.30,153.99,159.35,-2.1973,15.00,0.00,1.6125
27.32,153.82,159.11,-2.1645,15.00,0.00,1.6388
27.34,153.66,158.85,-2.1363,15.00,0.00,1.4093
27.36,153.51,158.60,-2.1121,15.00,0.00,1.2120
27.38,153.36,158.34,-2.0912,15.00,0.00,1.0424
27.40,153.21,158.07,-2.0733,15.00,0.00,0.8964
27.42,153.07,157.81,-2.0579,15.00,0.00,0.7709
27.44,152.93,157.54,-2.0446,15.00,0.00,0.6630
27.46,152.80,157.27,-2.0332,15.00,0.00,0.5702
27.48,152.67,157.00,-2.0234,15.00,0.00,0.4903
27.50,152.54,156.73,-2.0150,15.00,0.00,0.4217
27.52,152.41,156.46,-2.0077,15.00,0.00,0.3627
27.54,152.29,156.19,-2.0015,15.00,0.00,0.3119
27.56,152.16,155.91,-1.9961,15.00,0.00,0.2682
27.58,152.04,155.64,-1.9915,15.00,0.00,0.2307
27.60,151.92,155.37,-1.9926,15.00,0.00,-0.0536
27.62,151.79,155.09,-1.9986,15.00,0.00,-0.2981
27.64,151.67,154.82,-2.0087,15.00,0.00,-0.5084
27.66,151.54,154.55,-2.0225,15.00,0.00,-0.6892
27.68,151.40,154.28,-2.0394,15.00,0.00,-0.8447
27.70,151.26,154.02,-2.0590,15.00,0.00,-0.9785
27.72,151.11,153.76,-2.0808,15.00,0.00,-1.0935
27.74,150.96,153.50,-2.1047,15.00,0.00,-1.1924
27.76,150.80,153.24,-2.1302,15.00,0.00,-1.2775
27.78,150.64,152.99,-2.1522,15.00,0.00,-1.0986
27.80,150.47,152.75,-2.1711,15.00,0.00,-0.9448
27.82,150.29,152.50,-2.1874,15.00,0.00,-0.8125
27.84,150.12,152.26,-2.2013,15.00,0.00,-0.6988
27.86,149.94,152.02,-2.2134,15.00,0.00,-0.6009
27.88,149.76,151.78,-2.2237,15.00,0.00,-0.5168
27.90,149.57,151.54,-2.2326,15.00,0.00,-0.4445
27.92,149.39,151.31,-2.2402,15.00,0.00,-0.3822
27.94,149.20,151.07,-2.2468,15.00,0.00,-0.3287
27.96,149.01,150.84,-2.2525,15.00,0.00,-0.2827
27.98,148.82,150.61,-2.2573,15.00,0.00,-0.2431
28.00,148.63,150.38,-2.2615,15.00,0.00,-0.2091
28.02,148.44,150.15,-2.2651,15.00,0.00,-0.1798
28.04,148.24,149.92,-2.2682,15.00,0.00,-0.1546
28.06,148.05,149.69,-2.2708,15.00,0.00,-0.1330
28.08,147.86,149.46,-2.2731,15.00,0.00,-0.1144
28.10,147.66,149.23,-2.2751,15.00,0.00,-0.0984
28.12,147.47,149.00,-2.2768,15.00,0.00,-0.0846
28.14,147.27,148.77,-2.2782,15.00,0.00,-0.0727
28.16,147.08,148.55,-2.2795,15.00,0.00,-0.0626
28.18,146.88,148.32,-2.2806,15.00,0.00,-0.0538
28.20,146.69,148.09,-2.2815,15.00,0.00,-0.0463
28.22,146.49,147.86,-2.2823,15.00,0.00,-0.0398
28.24,146.29,147.64,-2.2830,15.00,0.00,-0.0342
28.26,146.10,147.41,-2.2836,15.00,0.00,-0.0294
28.28,145.90,147.18,-2.2841,15.00,0.00,-0.0253
28.30,145.70,146.96,-2.2845,15.00,0.00,-0.0218
28.32,145.51,146.73,-2.2849,15.00,0.00,-0.0187
28.34,145.31,146.50,-2.2852,15.00,0.00,-0.0161
28.36,145.11,146.28,-2.2855,15.00,0.00,-0.0138
28.38,144.92,146.05,-2.2857,15.00,0.00,-0.0119
28.40,144.72,145.82,-2.2859,15.00,0.00,-0.0102
28.42,144.52,145.60,-2.2861,15.00,0.00,-0.0088
28.44,144.33,145.37,-2.2863,15.00,0.00,-0.0076
28.46,144.13,145.14,-2.2864,15.00,0.00,-0.0065
28.48,143.93,144.92,-2.2865,15.00,0.00,-0.0056
28.50,143.74,144.69,-2.2916,15.00,0.00,-0.2568
28.52,143.54,144.47,-2.3011,15.00,0.00,-0.4729
28.54,143.33,144.25,-2.3143,15.00,0.00,-0.6587
28.56,143.13,144.03,-2.3306,15.00,0.00,-0.8184
28.58,142.92,143.82,-2.3498,15.00,0.00,-0.9559
28.60,142.70,143.61,-2.3712,15.00,0.00,-1.0740
28.62,142.48,143.40,-2.3897,15.00,0.00,-0.9237
28.64,142.26,143.20,-2.4056,15.00,0.00,-0.7944
28.66,142.03,143.00,-2.4193,15.00,0.00,-0.6832
28.68,141.81,142.81,-2.4310,15.00,0.00,-0.5875
28.70,141.58,142.61,-2.4411,15.00,0.00,-0.5053
28.72,141.35,142.42,-2.4498,15.00,0.00,-0.4345
28.74,141.11,142.23,-2.4573,15.00,0.00,-0.3737
28.76,140.88,142.05,-2.4637,15.00,0.00,-0.3214
28.78,140.64,141.86,-2.4692,15.00,0.00,-0.2764
28.80,140.41,141.67,-2.4740,15.00,0.00,-0.2377
28.82,140.17,141.49,-2.4781,15.00,0.00,-0.2044
28.84,139.94,141.30,-2.4816,15.00,0.00,-0.1758
28.86,139.70,141.12,-2.4846,15.00,0.00,-0.1512
28.88,139.46,140.94,-2.4872,15.00,0.00,-0.1300
28.90,139.22,140.76,-2.4894,15.00,0.00,-0.1118
28.92,138.98,140.57,-2.4914,15.00,0.00,-0.0962
28.94,138.74,140.39,-2.4930,15.00,0.00,-0.0827
28.96,138.50,140.21,-2.4944,15.00,0.00,-0.0711
28.98,138.27,140.03,-2.4957,15.00,0.00,-0.0612
29.00,138.03,139.85,-2.4967,15.00,0.00,-0.0526
29.02,137.79,139.67,-2.4926,15.00,0.00,0.2068
29.04,137.55,139.49,-2.4840,15.00,0.00,0.4298
29.06,137.31,139.30,-2.4716,15.00,0.00,0.6216
29.08,137.08,139.11,-2.4558,15.00,0.00,0.7866
29.10,136.85,138.92,-2.4373,15.00,0.00,0.9285
29.12,136.63,138.72,-2.4162,15.00,0.00,1.0505
29.14,136.41,138.51,-2.3931,15.00,0.00,1.1554
29.16,136.19,138.30,-2.3682,15.00,0.00,1.2457
29.18,135.98,138.09,-2.3468,15.00,0.00,1.0713
29.20,135.78,137.87,-2.3284,15.00,0.00,0.9213
29.22,135.58,137.65,-2.3125,15.00,0.00,0.7923
29.24,135.38,137.43,-2.2989,15.00,0.00,0.6814
29.26,135.18,137.20,-2.2872,15.00,0.00,0.5860
29.28,134.98,136.97,-2.2771,15.00,0.00,0.5040
29.30,134.79,136.74,-2.2684,15.00,0.00,0.4334
29.32,134.60,136.51,-2.2610,15.00,0.00,0.3727
29.34,134.41,136.28,-2.2546,15.00,0.00,0.3205
29.36,134.22,136.04,-2.2491,15.00,0.00,0.2757
29.38,134.04,135.81,-2.2443,15.00,0.00,0.2371
29.40,133.85,135.58,-2.2402,15.00,0.00,0.2039
29.42,133.66,135.34,-2.2367,15.00,0.00,0.1753
29.44,133.48,135.10,-2.2337,15.00,0.00,0.1508
29.46,133.30,134.87,-2.2311,15.00,0.00,0.1297
29.48,133.11,134.63,-2.2289,15.00,0.00,0.1115
29.50,132.93,134.39,-2.2270,15.00,0.00,0.0959
29.52,132.75,134.15,-2.2253,15.00,0.00,0.0825
29.54,132.56,133.91,-2.2239,15.00,0.00,0.0709
29.56,132.38,133.68,-2.2227,15.00,0.00,0.0610
29.58,132.20,133.44,-2.2216,15.00,0.00,0.0525
29.60,132.02,133.20,-2.2207,15.00,0.00,0.0451
29.62,131.84,132.96,-2.2200,15.00,0.00,0.0388
29.64,131.66,132.72,-2.2193,15.00,0.00,0.0334
29.66,131.47,132.48,-2.2187,15.00,0.00,0.0287
29.68,131.29,132.24,-2.2182,15.00,0.00,0.0247
29.70,131.11,132.00,-2.2178,15.00,0.00,0.0212
29.72,130.93,131.76,-2.2174,15.00,0.00,0.0183
29.74,130.75,131.52,-2.2171,15.00,0.00,0.0157
29.76,130.57,131.28,-2.2168,15.00,0.00,0.0135
29.78,130.39,131.04,-2.2166,15.00,0.00,0.0116
29.80,130.21,130.80,-2.2164,15.00,0.00,0.0100
29.82,130.03,130.57,-2.2162,15.00,0.00,0.0086
29.84,129.85,130.33,-2.2161,15.00,0.00,0.0074
29.86,129.67,130.09,-2.2160,15.00,0.00,0.0064
29.88,129.49,129.85,-2.2159,15.00,0.00,0.0055
29.90,129.31,129.61,-2.2158,15.00,0.00,0.0047
29.92,129.13,129.37,-2.2157,15.00,0.00,0.0040
29.94,128.95,129.13,-2.2156,15.00,0.00,0.0035
29.96,128.77,128.89,-2.2156,15.00,0.00,0.0030
29.98,128.59,128.65,-2.2155,15.00,0.00,0.0026
30.00,128.41,128.41,-2.2155,15.00,0.00,0.0022
30.02,128.23,128.17,-2.2154,15.00,0.00,0.0019
30.04,128.05,127.93,-2.2154,15.00,0.00,0.0016
30.06,127.87,127.69,-2.2154,15.00,0.00,0.0014
30.08,127.69,127.45,-2.2153,15.00,0.00,0.0012
30.10,127.51,127.21,-2.2153,15.00,0.00,0.0010
30.12,127.32,126.97,-2.2153,15.00,0.00,0.0009
30.14,127.14,126.73,-2.2153,15.00,0.00,0.0008
30.16,126.96,126.49,-2.2153,15.00,0.00,0.0007
30.18,126.78,126.25,-2.2153,15.00,0.00,0.0006
30.20,126.60,126.01,-2.2152,15.00,0.00,0.0005
30.22,126.42,125.77,-2.2152,15.00,0.00,0.0004
30.24,126.24,125.53,-2.2152,15.00,0.00,0.0004
30.26,126.06,125.29,-2.2152,15.00,0.00,0.0003
30.28,125.88,125.05,-2.2152,15.00,0.00,0.0003
30.30,125.70,124.81,-2.2152,15.00,0.00,0.0002
30.32,125.52,124.57,-2.2152,15.00,0.00,0.0002
30.34,125.34,124.33,-2.2152,15.00,0.00,0.0002
30.36,125.16,124.09,-2.2152,15.00,0.00,0.0001
30.38,124.98,123.85,-2.2202,15.00,0.00,-0.2519
30.40,124.80,123.61,-2.2296,15.00,0.00,-0.4686
30.42,124.61,123.38,-2.2427,15.00,0.00,-0.6550
30.44,124.42,123.15,-2.2590,15.00,0.00,-0.8153
30.46,124.22,122.92,-2.2781,15.00,0.00,-0.9532
30.48,124.03,122.70,-2.2995,15.00,0.00,-1.0717
30.50,123.82,122.48,-2.3230,15.00,0.00,-1.1737
30.52,123.61,122.26,-2.3482,15.00,0.00,-1.2614
30.54,123.39,122.06,-2.3750,15.00,0.00,-1.3368
30.56,123.17,121.85,-2.3979,15.00,0.00,-1.1496
30.58,122.95,121.65,-2.4177,15.00,0.00,-0.9887
30.60,122.72,121.46,-2.4347,15.00,0.00,-0.8503
30.62,122.49,121.27,-2.4493,15.00,0.00,-0.7312
30.64,122.26,121.08,-2.4619,15.00,0.00,-0.6289
30.66,122.02,120.89,-2.4727,15.00,0.00,-0.5408
30.68,121.78,120.71,-2.4820,15.00,0.00,-0.4651
30.70,121.54,120.53,-2.4900,15.00,0.00,-0.4000
30.72,121.30,120.35,-2.4969,15.00,0.00,-0.3440
30.74,121.06,120.17,-2.5028,15.00,0.00,-0.2958
30.76,120.82,119.99,-2.5079,15.00,0.00,-0.2544
30.78,120.58,119.81,-2.5123,15.00,0.00,-0.2188
30.80,120.34,119.64,-2.5161,15.00,0.00,-0.1882
30.82,120.09,119.46,-2.5193,15.00,0.00,-0.1618
30.84,119.85,119.29,-2.5221,15.00,0.00,-0.1392
30.86,119.60,119.12,-2.5245,15.00,0.00,-0.1197
30.88,119.36,118.94,-2.5265,15.00,0.00,-0.1029
30.90,119.11,118.77,-2.5283,15.00,0.00,-0.0885
30.92,118.87,118.60,-2.5298,15.00,0.00,-0.0761
30.94,118.62,118.43,-2.5311,15.00,0.00,-0.0655
30.96,118.38,118.25,-2.5272,15.00,0.00,0.1957
30.98,118.13,118.08,-2.5188,15.00,0.00,0.4203
31.00,117.89,117.90,-2.5066,15.00,0.00,0.6135
31.02,117.65,117.72,-2.4910,15.00,0.00,0.7796
31.04,117.42,117.53,-2.4725,15.00,0.00,0.9224
31.06,117.19,117.34,-2.4516,15.00,0.00,1.0453
31.08,116.96,117.15,-2.4336,15.00,0.00,0.8990
31.10,116.73,116.95,-2.4182,15.00,0.00,0.7731
31.12,116.51,116.75,-2.4049,15.00,0.00,0.6649
31.14,116.29,116.54,-2.3934,15.00,0.00,0.5718
31.16,116.07,116.33,-2.3836,15.00,0.00,0.4917
31.18,115.86,116.13,-2.3751,15.00,0.00,0.4229
31.20,115.64,115.92,-2.3679,15.00,0.00,0.3637
31.22,115.43,115.71,-2.3616,15.00,0.00,0.3128
31.24,115.22,115.49,-2.3562,15.00,0.00,0.2690
31.26,115.01,115.28,-2.3516,15.00,0.00,0.2313
31.28,114.80,115.07,-2.3476,15.00,0.00,0.1989
31.30,114.59,114.85,-2.3442,15.00,0.00,0.1711
31.32,114.38,114.64,-2.3413,15.00,0.00,0.1471
31.34,114.17,114.42,-2.3387,15.00,0.00,0.1265
31.36,113.96,114.21,-2.3366,15.00,0.00,0.1088
31.38,113.75,113.99,-2.3347,15.00,0.00,0.0936
31.40,113.55,113.77,-2.3331,15.00,0.00,0.0805
31.42,113.34,113.55,-2.3266,15.00,0.00,0.3212
31.44,113.14,113.33,-2.3161,15.00,0.00,0.5282
31.46,112.94,113.11,-2.3020,15.00,0.00,0.7063
31.48,112.74,112.88,-2.2848,15.00,0.00,0.8594
31.50,112.55,112.65,-2.2649,15.00,0.00,0.9911
31.52,112.36,112.42,-2.2429,15.00,0.00,1.1043
31.54,112.18,112.18,-2.2239,15.00,0.00,0.9497
31.56,112.00,111.94,-2.2075,15.00,0.00,0.8168
31.58,111.83,111.69,-2.1935,15.00,0.00,0.7024
31.60,111.65,111.45,-2.1814,15.00,0.00,0.6041
31.62,111.48,111.20,-2.1710,15.00,0.00,0.5195
31.64,111.32,110.95,-2.1621,15.00,0.00,0.4468
31.66,111.15,110.70,-2.1544,15.00,0.00,0.3842
31.68,110.99,110.45,-2.1478,15.00,0.00,0.3304
31.70,110.83,110.20,-2.1421,15.00,0.00,0.2842
31.72,110.67,109.94,-2.1372,15.00,0.00,0.2444
31.74,110.51,109.69,-2.1330,15.00,0.00,0.2102
31.76,110.35,109.44,-2.1294,15.00,0.00,0.1808
31.78,110.19,109.18,-2.1263,15.00,0.00,0.1554
31.80,110.03,108.93,-2.1236,15.00,0.00,0.1337
31.82,109.87,108.67,-2.1213,15.00,0.00,0.1150
31.84,109.72,108.41,-2.1193,15.00,0.00,0.0989
31.86,109.56,108.16,-2.1176,15.00,0.00,0.0850
31.88,109.41,107.90,-2.1162,15.00,0.00,0.0731
31.90,109.25,107.64,-2.1149,15.00,0.00,0.0629
31.92,109.10,107.39,-2.1138,15.00,0.00,0.0541
31.94,108.94,107.13,-2.1129,15.00,0.00,0.0465
31.96,108.79,106.87,-2.1121,15.00,0.00,0.0400
31.98,108.63,106.62,-2.1114,15.00,0.00,0.0344
32.00,108.48,106.36,-2.1108,15.00,0.00,0.0296
32.02,108.32,106.10,-2.1103,15.00,0.00,0.0254
32.04,108.17,105.84,-2.1099,15.00,0.00,0.0219
32.06,108.02,105.59,-2.1095,15.00,0.00,0.0188
32.08,107.86,105.33,-2.1092,15.00,0.00,0.0162
32.10,107.71,105.07,-2.1089,15.00,0.00,0.0139
32.12,107.55,104.81,-2.1087,15.00,0.00,0.0120
32.14,107.40,104.56,-2.1084,15.00,0.00,0.0103
32.16,107.25,104.30,-2.1083,15.00,0.00,0.0089
32.18,107.09,104.04,-2.1081,15.00,0.00,0.0076
32.20,106.94,103.78,-2.1080,15.00,0.00,0.0065
32.22,106.79,103.53,-2.1079,15.00,0.00,0.0056
32.24,106.63,103.27,-2.1078,15.00,0.00,0.0048
32.26,106.48,103.01,-2.1077,15.00,0.00,0.0042
32.28,106.33,102.75,-2.1076,15.00,0.00,0.0036
32.30,106.17,102.49,-2.1076,15.00,0.00,0.0031
32.32,106.02,102.24,-2.1075,15.00,0.00,0.0026
32.34,105.87,101.98,-2.1075,15.00,0.00,0.0023
32.36,105.71,101.72,-2.1074,15.00,0.00,0.0020
32.38,105.56,101.46,-2.1074,15.00,0.00,0.0017
32.40,105.41,101.21,-2.1074,15.00,0.00,0.0014
32.42,105.25,100.95,-2.1073,15.00,0.00,0.0012
32.44,105.10,100.69,-2.1073,15.00,0.00,0.0011
32.46,104.95,100.43,-2.1073,15.00,0.00,0.0009
32.48,104.79,100.17,-2.1073,15.00,0.00,0.0008
32.50,104.64,99.92,-2.1073,15.00,0.00,0.0007
32.52,104.49,99.66,-2.1073,15.00,0.00,0.0006
32.54,104.33,99.40,-2.1072,15.00,0.00,0.0005
32.56,104.18,99.14,-2.1072,15.00,0.00,0.0004
32.58,104.03,98.88,-2.1072,15.00,0.00,0.0004
32.60,103.87,98.63,-2.1072,15.00,0.00,0.0003
32.62,103.72,98.37,-2.1072,15.00,0.00,0.0003
32.64,103.57,98.11,-2.1072,15.00,0.00,0.0002
32.66,103.41,97.85,-2.1072,15.00,0.00,0.0002
32.68,103.26,97.60,-2.1072,15.00,0.00,0.0002
32.70,103.11,97.34,-2.1072,15.00,0.00,0.0002
32.72,102.95,97.08,-2.1072,15.00,0.00,0.0001
32.74,102.80,96.82,-2.1022,15.00,0.00,0.2521
32.76,102.65,96.56,-2.0928,15.00,0.00,0.4688
32.78,102.50,96.30,-2.0797,15.00,0.00,0.6552
32.80,102.36,96.03,-2.0634,15.00,0.00,0.8155
32.82,102.23,95.77,-2.0443,15.00,0.00,0.9533
32.84,102.09,95.50,-2.0229,15.00,0.00,1.0718
32.86,101.97,95.22,-1.9994,15.00,0.00,1.1738
32.88,101.85,94.95,-1.9792,15.00,0.00,1.0094
32.90,101.74,94.67,-1.9618,15.00,0.00,0.8681
32.92,101.63,94.39,-1.9469,15.00,0.00,0.7466
32.94,101.52,94.11,-1.9341,15.00,0.00,0.6421
32.96,101.42,93.83,-1.9230,15.00,0.00,0.5522
32.98,101.32,93.55,-1.9135,15.00,0.00,0.4749
33.00,101.22,93.27,-1.9054,15.00,0.00,0.4084
33.02,101.12,92.98,-1.8933,15.00,0.00,0.6032
33.04,101.03,92.69,-1.8779,15.00,0.00,0.7708
33.06,100.95,92.41,-1.8596,15.00,0.00,0.9149
33.08,100.87,92.12,-1.8388,15.00,0.00,1.0388
33.10,100.79,91.83,-1.8159,15.00,0.00,1.1453
33.12,100.73,91.53,-1.7912,15.00,0.00,1.2370
33.14,100.67,91.24,-1.7648,15.00,0.00,1.3158
33.16,100.62,90.94,-1.7422,15.00,0.00,1.1316
33.18,100.57,90.65,-1.7227,15.00,0.00,0.9732
33.20,100.53,90.35,-1.7060,15.00,0.00,0.8369
33.22,100.50,90.05,-1.6916,15.00,0.00,0.7198
33.24,100.46,89.75,-1.6792,15.00,0.00,0.6190
33.26,100.44,89.46,-1.6686,15.00,0.00,0.5323
33.28,100.41,89.16,-1.6594,15.00,0.00,0.4578
33.30,100.38,88.86,-1.6516,15.00,0.00,0.3937
33.32,100.36,88.56,-1.6397,15.00,0.00,0.5906
33.34,100.35,88.26,-1.6245,15.00,0.00,0.7599
33.36,100.34,87.96,-1.6064,15.00,0.00,0.9055
33.38,100.33,87.66,-1.5858,15.00,0.00,1.0308
33.40,100.33,87.36,-1.5631,15.00,0.00,1.1384
33.42,100.34,87.06,-1.5435,15.00,0.00,0.9791
33.44,100.36,86.76,-1.5266,15.00,0.00,0.8420
33.46,100.37,86.46,-1.5121,15.00,0.00,0.7241
33.48,100.40,86.16,-1.4997,15.00,0.00,0.6227
33.50,100.42,85.86,-1.4890,15.00,0.00,0.5356
33.52,100.45,85.56,-1.4798,15.00,0.00,0.4606
33.54,100.48,85.26,-1.4718,15.00,0.00,0.3961
33.56,100.51,84.97,-1.4650,15.00,0.00,0.3406
33.58,100.54,84.67,-1.4592,15.00,0.00,0.2930
33.60,100.58,84.37,-1.4541,15.00,0.00,0.2519
33.62,100.61,84.07,-1.4448,15.00,0.00,0.4687
33.64,100.66,83.78,-1.4317,15.00,0.00,0.6551
33.66,100.70,83.48,-1.4154,15.00,0.00,0.8153
33.68,100.75,83.18,-1.3963,15.00,0.00,0.9532
33.70,100.81,82.89,-1.3749,15.00,0.00,1.0718
33.72,100.88,82.60,-1.3564,15.00,0.00,0.9217
33.74,100.95,82.30,-1.3406,15.00,0.00,0.7927
33.76,101.02,82.01,-1.3269,15.00,0.00,0.6817
33.78,101.09,81.72,-1.3152,15.00,0.00,0.5863
33.80,101.17,81.43,-1.3051,15.00,0.00,0.5042
33.82,101.25,81.14,-1.2965,15.00,0.00,0.4336
33.84,101.34,80.86,-1.2890,15.00,0.00,0.3729
33.86,101.42,80.57,-1.2876,15.00,0.00,0.0687
33.88,101.50,80.28,-1.2915,15.00,0.00,-0.1929
33.90,101.58,79.99,-1.2998,15.00,0.00,-0.4179
33.92,101.66,79.70,-1.3121,15.00,0.00,-0.6114
33.94,101.73,79.41,-1.3276,15.00,0.00,-0.7778
33.96,101.80,79.12,-1.3460,15.00,0.00,-0.9209
33.98,101.86,78.82,-1.3669,15.00,0.00,-1.0440
34.00,101.91,78.53,-1.3899,15.00,0.00,-1.1498
34.02,101.96,78.23,-1.4097,15.00,0.00,-0.9889
34.04,102.01,77.94,-1.4267,15.00,0.00,-0.8504
34.06,102.04,77.64,-1.4413,15.00,0.00,-0.7314
34.08,102.08,77.34,-1.4539,15.00,0.00,-0.6290
34.10,102.11,77.04,-1.4647,15.00,0.00,-0.5409
34.12,102.14,76.74,-1.4740,15.00,0.00,-0.4652
34.14,102.17,76.44,-1.4820,15.00,0.00,-0.4001
34.16,102.19,76.15,-1.4940,15.00,0.00,-0.5961
34.18,102.21,75.85,-1.5092,15.00,0.00,-0.7646
34.20,102.22,75.55,-1.5274,15.00,0.00,-0.9096
34.22,102.23,75.25,-1.5481,15.00,0.00,-1.0342
34.24,102.23,74.95,-1.5710,15.00,0.00,-1.1414
34.26,102.22,74.65,-1.5956,15.00,0.00,-1.2336
34.28,102.21,74.35,-1.6219,15.00,0.00,-1.3129
34.30,102.18,74.05,-1.6445,15.00,0.00,-1.1291
34.32,102.16,73.75,-1.6639,15.00,0.00,-0.9710
34.34,102.12,73.45,-1.6806,15.00,0.00,-0.8351
34.36,102.09,73.15,-1.6950,15.00,0.00,-0.7182
34.38,102.04,72.86,-1.7073,15.00,0.00,-0.6176
34.40,102.00,72.56,-1.7179,15.00,0.00,-0.5312
34.42,101.95,72.26,-1.7271,15.00,0.00,-0.4568
34.44,101.90,71.97,-1.7349,15.00,0.00,-0.3928
34.46,101.85,71.67,-1.7417,15.00,0.00,-0.3379
34.48,101.80,71.38,-1.7475,15.00,0.00,-0.2906
34.50,101.75,71.08,-1.7525,15.00,0.00,-0.2499
34.52,101.69,70.79,-1.7568,15.00,0.00,-0.2149
34.54,101.63,70.49,-1.7605,15.00,0.00,-0.1848
34.56,101.58,70.20,-1.7637,15.00,0.00,-0.1589
34.58,101.52,69.90,-1.7664,15.00,0.00,-0.1367
34.60,101.46,69.61,-1.7687,15.00,0.00,-0.1175
34.62,101.40,69.31,-1.7708,15.00,0.00,-0.1011
34.64,101.34,69.02,-1.7725,15.00,0.00,-0.0869
34.66,101.28,68.73,-1.7740,15.00,0.00,-0.0748
34.68,101.22,68.43,-1.7753,15.00,0.00,-0.0643
34.70,101.16,68.14,-1.7764,15.00,0.00,-0.0553
34.72,101.10,67.85,-1.7773,15.00,0.00,-0.0476
34.74,101.03,67.55,-1.7782,15.00,0.00,-0.0409
34.76,100.97,67.26,-1.7789,15.00,0.00,-0.0352
34.78,100.91,66.96,-1.7795,15.00,0.00,-0.0302
34.80,100.85,66.67,-1.7800,15.00,0.00,-0.0260
34.82,100.79,66.38,-1.7804,15.00,0.00,-0.0224
34.84,100.72,66.08,-1.7808,15.00,0.00,-0.0192
34.86,100.66,65.79,-1.7812,15.00,0.00,-0.0165
34.88,100.60,65.50,-1.7814,15.00,0.00,-0.0142
34.90,100.53,65.20,-1.7817,15.00,0.00,-0.0122
34.92,100.47,64.91,-1.7819,15.00,0.00,-0.0105
34.94,100.41,64.62,-1.7821,15.00,0.00,-0.0091
34.96,100.35,64.32,-1.7822,15.00,0.00,-0.0078
34.98,100.28,64.03,-1.7824,15.00,0.00,-0.0067
35.00,100.22,63.74,-1.7825,15.00,0.00,-0.0058
35.02,100.16,63.44,-1.7826,15.00,0.00,-0.0050
35.04,100.09,63.15,-1.7827,15.00,0.00,-0.0043
35.06,100.03,62.86,-1.7777,15.00,0.00,0.2483
35.08,99.97,62.56,-1.7684,15.00,0.00,0.4656
35.10,99.92,62.27,-1.7553,15.00,0.00,0.6524
35.12,99.87,61.97,-1.7391,15.00,0.00,0.8131
35.14,99.82,61.68,-1.7201,15.00,0.00,0.9512
35.16,99.78,61.38,-1.6986,15.00,0.00,1.0701
35.18,99.75,61.08,-1.6752,15.00,0.00,1.1722
35.20,99.73,60.78,-1.6500,15.00,0.00,1.2601
35.22,99.71,60.48,-1.6283,15.00,0.00,1.0837
35.24,99.70,60.18,-1.6097,15.00,0.00,0.9320
35.26,99.69,59.88,-1.5937,15.00,0.00,0.8015
35.28,99.69,59.58,-1.5799,15.00,0.00,0.6893
35.30,99.69,59.28,-1.5680,15.00,0.00,0.5928
35.32,99.70,58.98,-1.5578,15.00,0.00,0.5098
35.34,99.70,58.68,-1.5491,15.00,0.00,0.4384
35.36,99.71,58.38,-1.5415,15.00,0.00,0.3771
35.38,99.72,58.08,-1.5350,15.00,0.00,0.3243
35.40,99.73,57.78,-1.5294,15.00,0.00,0.2789
35.42,99.75,57.48,-1.5246,15.00,0.00,0.2398
35.44,99.76,57.18,-1.5205,15.00,0.00,0.2063
35.46,99.78,56.88,-1.5170,15.00,0.00,0.1774
35.48,99.80,56.58,-1.5139,15.00,0.00,0.1525
35.50,99.81,56.28,-1.5113,15.00,0.00,0.1312
35.52,99.83,55.99,-1.5090,15.00,0.00,0.1128
35.54,99.85,55.69,-1.5071,15.00,0.00,0.0970
35.56,99.87,55.39,-1.5105,15.00,0.00,-0.1686
35.58,99.89,55.09,-1.5184,15.00,0.00,-0.3970
35.60,99.90,54.79,-1.5303,15.00,0.00,-0.5934
35.62,99.91,54.49,-1.5455,15.00,0.00,-0.7623
35.64,99.91,54.19,-1.5637,15.00,0.00,-0.9076
35.66,99.90,53.89,-1.5843,15.00,0.00,-1.0325
35.68,99.89,53.59,-1.6071,15.00,0.00,-1.1400
35.70,99.87,53.29,-1.6318,15.00,0.00,-1.2324
